date,oi_open,oi_high,oi_low,oi_close
2023-05-04,96975.36,103074.41,96940.63,101258.78
2023-05-05,101258.78,106851.31,99039.19,105092.19
2023-05-06,105092.19,105629.89,98030.39,98695.39
2023-05-07,98695.39,100703.6,97705.57,100024.99
2023-05-08,100024.99,106700.06,99490.66,105639.12
2023-05-09,105639.12,111341.84,105128.59,108501.25
2023-05-10,108501.25,109442.28,100861.55,101867.76
2023-05-11,101867.76,110064.82,101379.65,108759.58
2023-05-12,108759.58,113409.92,106832.23,106886.18
2023-05-13,106886.18,109062.43,105548.35,107539.65
2023-05-14,107539.65,109281.95,105995.2,107815.12
2023-05-15,107815.12,108877.73,106442.47,107244.88
2023-05-16,107244.88,109790.21,104693.02,108801.71
2023-05-17,108801.71,112909.11,107201.6,107824.65
2023-05-18,107824.65,110295.77,104394.9,104896.17
2023-05-19,104896.17,106667.75,104119.28,104121.33
2023-05-20,104121.33,106198.69,103778.13,104806.25
2023-05-21,104806.25,107202.62,103945.79,106079.54
2023-05-22,106079.54,109541.07,105059.01,105283.77
2023-05-23,105283.77,106088.06,103167.69,105000.3
2023-05-24,105000.3,115903.64,103326.44,114971.52
2023-05-25,114971.52,117927.75,110989.93,111996.09
2023-05-26,111996.09,112057.16,106056.27,106119.9
2023-05-27,106119.9,109122.95,106103.91,108501.61
2023-05-28,108501.61,114607.99,106481.93,111022.91
2023-05-29,111096.0,113193.63,108841.23,111672.26
2023-05-30,111672.26,112299.22,110246.28,111176.22
2023-05-31,111176.22,114095.54,108210.75,111661.0
2023-06-01,111661.0,115315.33,108696.49,113543.48
2023-06-02,113543.48,114671.04,112393.22,112593.16
2023-06-03,112593.16,114532.15,111986.18,114458.29
2023-06-04,114458.29,115186.71,108719.63,108783.3
2023-06-05,108783.3,121120.59,108783.3,119538.07
2023-06-06,119538.07,122500.74,108846.53,109365.86
2023-06-07,109365.86,110474.67,102960.81,103184.79
2023-06-08,103184.79,106454.75,103152.87,103394.47
2023-06-09,103394.47,104573.64,101479.37,102597.69
2023-06-10,102597.69,108339.32,97025.37,101885.4
2023-06-11,101885.4,103209.77,99119.56,99327.18
2023-06-12,99327.18,102773.58,98773.49,102410.65
2023-06-13,102410.65,103828.68,100252.94,103288.66
2023-06-14,103288.66,104772.8,99598.64,103675.34
2023-06-15,103675.34,111992.36,103675.34,104074.78
2023-06-16,104074.78,107118.41,102662.11,104680.41
2023-06-17,104680.41,105696.11,101316.7,103284.04
2023-06-18,103284.04,107193.3,102990.74,104260.0
2023-06-19,104260.0,110500.87,103803.95,109052.03
2023-06-20,109052.03,122075.1,108690.68,121466.02
2023-06-21,121466.02,126284.37,115264.97,116976.7
2023-06-22,116976.7,118842.22,114116.16,117898.14
2023-06-23,117898.14,122842.69,115000.63,115000.63
2023-06-24,115000.63,115354.69,112810.8,113491.65
2023-06-25,113491.65,116303.05,113237.15,113873.82
2023-06-26,113873.82,116942.37,112149.81,114992.63
2023-06-27,114992.63,117877.81,114577.83,116044.1
2023-06-28,116044.1,116398.93,110057.85,112186.7
2023-06-29,112186.7,120264.18,112039.86,118226.32
2023-06-30,118226.32,125118.44,105367.73,105968.31
2023-07-01,105968.31,109499.67,105246.52,109281.26
2023-07-02,109281.26,110383.83,107088.41,108566.7
2023-07-03,108566.7,120513.51,108562.27,117966.72
2023-07-04,117966.72,120088.59,113756.92,114033.78
2023-07-05,114033.78,114661.2,111271.91,112591.08
2023-07-06,112591.08,125065.07,102815.43,103058.24
2023-07-07,103058.24,103580.21,101284.36,103526.16
2023-07-08,103526.16,104200.22,101944.22,103597.88
2023-07-09,103597.88,104917.76,101862.03,102281.53
2023-07-10,102281.53,114371.34,101475.59,106065.48
2023-07-11,106065.48,108294.41,105548.62,107991.64
2023-07-12,107991.64,114766.17,107571.01,111144.95
2023-07-13,111144.95,118153.64,108540.09,111394.05
2023-07-14,111394.05,112274.17,96176.34,101185.13
2023-07-15,101185.13,101573.74,99976.49,100110.5
2023-07-16,100110.5,102109.71,99458.12,100936.04
2023-07-17,100936.04,107457.15,100936.04,104806.59
2023-07-18,104806.59,109931.95,104748.17,106822.54
2023-07-19,106822.54,107501.56,104408.67,104806.92
2023-07-20,104806.92,110352.29,102832.15,109709.93
2023-07-21,109709.93,110500.97,106406.68,106634.71
2023-07-22,106634.71,107793.26,104775.07,105746.39
2023-07-23,105746.39,105746.39,100340.27,100350.05
2023-07-24,100350.05,112425.79,100136.42,111779.4
2023-07-25,111779.4,112549.08,107892.36,108310.56
2023-07-26,108310.56,109817.74,104190.28,109254.77
2023-07-27,109254.77,112631.88,108362.3,109907.27
2023-07-28,109907.27,111011.27,107665.73,107957.29
2023-07-29,107957.29,110217.09,107597.2,108183.07
2023-07-30,108183.07,109486.68,105742.25,106297.75
2023-07-31,106297.75,110525.62,104720.82,108880.09
2023-08-01,108880.09,112356.14,105849.93,108920.79
2023-08-02,108920.79,114587.53,108920.79,112350.92
2023-08-03,112350.92,114504.94,111573.01,111573.01
2023-08-04,111573.01,114878.09,110647.18,114692.27
2023-08-05,114692.27,114911.28,112600.77,112647.23
2023-08-06,112647.23,112649.98,110301.99,111132.82
2023-08-07,111132.82,114773.78,110372.49,111607.4
2023-08-08,111607.4,125788.02,110405.32,124059.35
2023-08-09,124059.35,128428.0,117530.81,117858.23
2023-08-10,117858.23,119599.69,117594.07,118608.82
2023-08-11,118608.82,119934.95,117733.23,118245.12
2023-08-12,118245.12,118249.1,117124.3,117197.27
2023-08-13,117197.27,117310.99,114281.52,114756.68
2023-08-14,114756.68,115390.55,106656.78,107363.63
2023-08-15,107363.63,114212.89,107163.79,114166.03
2023-08-16,114166.03,118245.39,113400.68,117037.32
2023-08-17,117037.32,121871.69,106500.78,106500.78
2023-08-18,106500.78,106500.78,95773.14,95776.67
2023-08-19,95776.67,95867.86,87531.56,87644.95
2023-08-20,87644.95,90389.97,87272.68,89721.39
2023-08-21,89721.39,91746.6,89378.79,91016.86
2023-08-22,91016.86,92698.07,86514.27,87032.97
2023-08-23,87032.97,89996.72,83412.17,83906.15
2023-08-24,83906.15,87898.57,83304.09,85603.69
2023-08-25,85603.69,87534.55,84078.16,84132.14
2023-08-26,84132.14,85774.67,82905.26,85656.57
2023-08-27,85656.57,87366.09,85439.46,86575.33
2023-08-28,86575.33,89428.58,85459.06,86262.88
2023-08-29,86262.88,94763.7,86190.58,92243.81
2023-08-30,92243.81,92338.3,88773.61,89218.83
2023-08-31,89218.83,90600.78,81279.58,82453.63
2023-09-01,82453.63,86720.66,81946.89,83652.47
2023-09-02,83652.47,84617.56,80479.51,80654.69
2023-09-03,80654.69,82082.04,80209.65,80412.0
2023-09-04,80412.0,82564.37,80169.69,81050.74
2023-09-05,81050.74,85510.0,80637.64,83814.56
2023-09-06,83814.56,87756.23,83141.63,83244.57
2023-09-07,83244.57,86406.79,81350.6,82788.59
2023-09-08,82788.59,86373.72,82767.92,83475.77
2023-09-09,83475.77,84412.96,82862.54,83499.25
2023-09-10,83499.25,83608.18,81142.06,81776.87
2023-09-11,81776.87,90231.52,81319.09,89427.83
2023-09-12,89427.83,90248.9,83366.56,87290.88
2023-09-13,87290.88,91710.95,85504.08,89882.4
2023-09-14,89882.4,93140.55,86588.96,91668.79
2023-09-15,91668.79,91993.32,86623.2,86657.43
2023-09-16,86657.43,88864.74,86375.12,86518.2
2023-09-17,86518.2,87497.91,84348.33,84768.77
2023-09-18,84768.77,97735.23,83781.92,89525.93
2023-09-19,89525.93,96767.08,89141.08,92721.68
2023-09-20,92721.68,92772.72,89207.16,90352.84
2023-09-21,90352.84,95934.87,90248.6,92453.98
2023-09-22,92453.98,94146.15,91545.36,92618.11
2023-09-23,92618.11,92618.11,91122.52,91363.41
2023-09-24,91363.41,92296.97,89801.01,90396.62
2023-09-25,90396.62,93669.58,88797.19,89736.21
2023-09-26,89736.21,92143.2,89667.45,91207.18
2023-09-27,91207.18,97952.9,87913.3,88292.95
2023-09-28,88292.95,96631.91,87026.15,93787.08
2023-09-29,93787.08,93978.93,88442.74,88442.74
2023-09-30,88442.74,90480.75,88417.45,90181.6
2023-10-01,90181.6,94197.98,85084.14,87479.59
2023-10-02,87479.59,95443.11,87479.59,88279.95
2023-10-03,88279.95,90858.96,87600.63,87753.45
2023-10-04,87753.45,90735.45,85873.43,90053.35
2023-10-05,90053.35,94201.36,89911.88,91610.19
2023-10-06,91610.19,96495.19,89527.25,94045.17
2023-10-07,94045.17,94045.17,90369.47,90899.68
2023-10-08,90899.68,93062.74,90883.41,92103.92
2023-10-09,92103.92,95185.28,90168.55,90826.11
2023-10-10,90826.11,94315.22,89527.25,93003.6
2023-10-11,93003.6,99486.81,92318.16,98100.86
2023-10-12,98100.86,98615.24,96346.29,96999.85
2023-10-13,96999.85,98132.98,94470.53,97295.68
2023-10-14,97295.68,99461.33,97173.89,98458.7
2023-10-15,98458.7,99535.32,94812.47,97563.4
2023-10-16,97563.4,99625.66,86697.51,89077.6
2023-10-17,89077.6,91772.33,88123.66,91208.65
2023-10-18,91208.65,92315.46,86447.71,86464.71
2023-10-19,86464.71,95100.08,86379.72,93918.5
2023-10-20,93918.5,97884.33,90387.03,90454.43
2023-10-21,90454.43,97583.87,89635.71,96361.47
2023-10-22,96361.47,96667.76,92780.61,93092.51
2023-10-23,93092.51,99705.68,88583.12,88631.24
2023-10-24,88631.24,89221.54,82949.15,84731.31
2023-10-25,84731.31,88366.01,83241.09,83907.45
2023-10-26,83907.45,86158.21,83387.94,84789.21
2023-10-27,84789.21,86866.25,83865.22,84510.71
2023-10-28,84510.71,86662.65,84223.84,84706.82
2023-10-29,84706.82,90873.28,83942.8,88057.66
2023-10-30,88057.66,88681.68,84918.31,86800.53
2023-10-31,86800.53,88361.56,85198.65,88250.47
2023-11-01,88250.47,93527.41,83398.5,86819.25
2023-11-02,86819.25,88704.22,80755.65,81442.9
2023-11-03,81442.9,85589.49,81292.53,81467.15
2023-11-04,81467.15,84342.2,81378.05,83556.75
2023-11-05,83556.75,87928.3,83267.37,86055.28
2023-11-06,86055.28,88715.03,86014.51,86157.7
2023-11-07,86157.7,92463.58,86005.17,88760.28
2023-11-08,88760.28,90400.43,86630.94,90400.43
2023-11-09,90400.43,96747.27,79495.16,79525.28
2023-11-10,79525.28,82127.51,78353.28,79820.26
2023-11-11,79820.26,81291.98,79597.93,80358.96
2023-11-12,80358.96,82171.47,80247.93,80853.26
2023-11-13,80853.26,83243.07,79334.65,80453.8
2023-11-14,80453.8,83494.95,76558.17,78834.47
2023-11-15,78834.47,83268.73,78754.85,83075.96
2023-11-16,83075.96,85945.88,80908.92,80908.92
2023-11-17,80908.92,81038.94,76849.81,77910.14
2023-11-18,77910.14,81651.59,76823.33,79409.05
2023-11-19,79409.05,82220.91,78867.34,80908.95
2023-11-20,80908.95,83981.83,80214.0,83375.78
2023-11-21,83375.78,87024.89,79599.65,79599.65
2023-11-22,79599.65,80898.7,77144.8,80863.79
2023-11-23,80863.79,83442.85,80764.82,81963.98
2023-11-24,81963.98,85255.81,79969.39,80036.65
2023-11-25,80036.65,80140.04,78658.15,79570.56
2023-11-26,79570.56,82383.57,78768.25,79126.76
2023-11-27,79126.76,81386.54,78663.16,79262.9
2023-11-28,79262.9,84925.91,78511.91,81109.41
2023-11-29,81109.41,86337.15,80539.76,82651.7
2023-11-30,82651.7,84388.21,82070.57,82619.48
2023-12-01,82619.48,90739.14,81471.19,89045.2
2023-12-02,89045.2,89045.2,81436.67,81673.03
2023-12-03,81673.03,83686.33,79898.66,79999.12
2023-12-04,79999.12,85972.72,79999.12,83196.05
2023-12-05,83196.05,88797.44,82467.12,82594.22
2023-12-06,82594.22,87815.15,82252.98,85262.79
2023-12-07,85262.79,86804.58,83343.27,83409.05
2023-12-08,83409.05,85845.48,82012.12,82103.85
2023-12-09,82103.85,83090.39,80367.11,80803.91
2023-12-10,80803.91,84564.18,80803.91,83140.07
2023-12-11,83140.07,83171.66,74819.56,75529.17
2023-12-12,75529.17,80248.12,75275.3,77355.31
2023-12-13,77355.31,80829.21,77076.27,78625.69
2023-12-14,78625.69,80026.73,74650.35,76351.03
2023-12-15,76351.03,77179.95,75052.79,75813.7
2023-12-16,75813.7,77343.83,74845.51,75326.01
2023-12-17,75326.01,78215.76,75310.18,76347.57
2023-12-18,76347.57,80471.08,74819.18,75531.64
2023-12-19,75531.64,80000.34,74847.24,76749.07
2023-12-20,76749.07,82202.82,76749.07,79731.84
2023-12-21,79731.84,82873.34,79475.89,80532.73
2023-12-22,80532.73,82890.96,77259.91,77331.08
2023-12-23,77331.08,79893.9,77118.87,78624.42
2023-12-24,78624.42,79611.49,75384.35,77213.72
2023-12-25,77213.72,78760.29,76205.27,77532.15
2023-12-26,77532.15,81300.67,75947.08,79602.17
2023-12-27,79602.17,79604.85,75600.18,76074.77
2023-12-28,76074.77,76392.04,74541.29,75584.59
2023-12-29,75584.59,76589.71,74140.93,75711.32
2023-12-30,75711.32,77851.87,75356.78,75458.85
2023-12-31,75458.85,77143.32,73921.74,74001.36
2024-01-01,74001.36,77879.3,73315.11,76601.28
2024-01-02,76601.28,81491.88,76012.41,79785.33
2024-01-03,79785.33,80820.14,67252.25,68680.72
2024-01-04,68680.72,72791.53,68330.03,71338.93
2024-01-05,71338.93,71363.54,67090.16,67287.05
2024-01-06,67287.05,69223.81,66908.64,68338.43
2024-01-07,68338.43,73885.16,68338.43,70528.96
2024-01-08,70528.96,76713.43,69533.15,74597.29
2024-01-09,74597.29,75527.09,70003.75,70790.91
2024-01-10,70790.91,72929.95,68206.86,68565.25
2024-01-11,68565.25,73241.67,67205.9,71404.04
2024-01-12,71404.04,83392.35,71404.04,74727.99
2024-01-13,74727.99,76725.94,74004.12,75148.15
2024-01-14,75148.15,77185.9,75121.77,77077.01
2024-01-15,77077.01,77292.77,73437.97,73897.82
2024-01-16,73897.82,77378.37,73803.69,74126.74
2024-01-17,74126.74,76746.29,73968.52,75755.55
2024-01-18,75755.55,78504.21,74958.55,77720.96
2024-01-19,77720.96,80865.07,74254.89,74494.92
2024-01-20,74494.92,75264.05,73904.01,74617.62
2024-01-21,74617.62,75011.38,74394.93,74647.99
2024-01-22,74647.99,79803.39,74396.51,76234.08
2024-01-23,76234.08,79078.28,75143.18,75791.86
2024-01-24,75791.86,77226.69,75024.64,76310.36
2024-01-25,76310.36,79501.49,75956.81,77933.77
2024-01-26,77933.77,80614.48,77856.07,79315.22
2024-01-27,79315.22,79441.28,77849.56,78265.55
2024-01-28,78265.55,78374.07,74972.06,75159.44
2024-01-29,75159.44,77686.57,75091.01,77046.08
2024-01-30,77046.08,79314.83,73805.34,73831.72
2024-01-31,73831.72,75306.0,71311.59,71954.34
2024-02-01,71954.34,75976.88,71715.35,73886.69
2024-02-02,73886.69,76268.3,73501.29,74296.67
2024-02-03,74296.67,76043.52,74292.06,75696.18
2024-02-04,75696.18,77899.34,75280.38,77285.48
2024-02-05,77285.48,81081.79,77100.85,79774.34
2024-02-06,79774.34,81966.65,79558.75,80318.37
2024-02-07,80318.37,82877.86,78569.86,82819.67
2024-02-08,82819.67,87306.12,82664.53,85120.75
2024-02-09,85120.75,85781.1,82626.23,83207.32
2024-02-10,83207.32,86808.38,83058.33,86798.81
2024-02-11,86798.81,89872.5,86400.35,89342.95
2024-02-12,89342.95,94597.38,88281.52,92357.54
2024-02-13,92357.54,94202.51,88164.1,88189.74
2024-02-14,88189.74,93000.64,87009.87,90522.38
2024-02-15,90522.38,91554.65,86487.0,87212.3
2024-02-16,87212.3,90429.16,87020.56,87551.71
2024-02-17,87551.71,89782.07,87002.73,87482.52
2024-02-18,87482.52,87482.52,84672.33,85531.82
2024-02-19,85531.82,88325.8,85531.82,87685.24
2024-02-20,87685.24,91207.55,87103.65,87205.74
2024-02-21,87205.74,90935.06,86254.36,86254.36
2024-02-22,86254.36,88659.17,84503.84,84874.69
2024-02-23,84874.69,90603.33,84610.36,88241.56
2024-02-24,88241.56,89040.06,86666.4,87056.15
2024-02-25,87056.15,88236.06,86116.6,86417.27
2024-02-26,86417.27,88716.95,84596.98,84940.31
2024-02-27,84940.31,85772.74,79156.73,80696.9
2024-02-28,80696.9,84598.37,71616.51,75348.04
2024-02-29,75348.04,76665.24,71332.06,71959.23
2024-03-01,71959.23,75311.32,71959.23,73878.32
2024-03-02,73878.32,74110.76,72299.65,72911.44
2024-03-03,72911.44,75944.64,72291.04,75620.84
2024-03-04,75620.84,82514.56,75571.29,81113.59
2024-03-05,81113.59,83281.48,70786.48,71725.16
2024-03-06,71725.16,76463.92,71293.45,73266.85
2024-03-07,73266.85,75641.7,73207.63,73484.12
2024-03-08,73484.12,78342.1,73218.57,73989.35
2024-03-09,73989.35,74488.49,72975.62,73649.37
2024-03-10,73649.37,78867.85,73626.95,77405.35
2024-03-11,77405.35,80851.71,76260.67,79401.43
2024-03-12,79401.43,81633.04,78066.72,78116.84
2024-03-13,78116.84,81836.11,77866.78,80394.21
2024-03-14,80394.21,84816.82,80394.21,83992.78
2024-03-15,83992.78,84389.52,75924.7,79342.09
2024-03-16,79342.09,79937.95,76386.56,76567.35
2024-03-17,76567.35,79152.36,76263.95,78538.19
2024-03-18,78538.19,80880.98,77501.1,79106.59
2024-03-19,79106.59,81747.35,77760.8,77961.49
2024-03-20,77961.49,79864.88,76122.76,76951.39
2024-03-21,76951.39,78389.33,75341.92,75343.47
2024-03-22,75343.47,77176.7,73064.01,73064.01
2024-03-23,73064.01,75519.95,71963.5,73938.86
2024-03-24,73938.86,77464.01,73474.21,77032.31
2024-03-25,77032.31,80046.64,76544.38,78817.6
2024-03-26,78817.6,79868.2,77049.03,79656.65
2024-03-27,79656.65,84484.45,79335.89,83133.99
2024-03-28,83133.99,84541.58,81320.12,83102.58
2024-03-29,83102.58,84344.47,81053.65,81095.53
2024-03-30,81095.53,81192.57,80261.96,80261.96
2024-03-31,80261.96,83286.04,80163.29,82708.62
2024-04-01,82708.62,85828.76,81352.76,84161.13
2024-04-02,84161.13,84376.65,77737.49,78034.87
2024-04-03,78034.87,80537.6,77653.59,80095.55
2024-04-04,80095.55,82458.95,78339.05,78510.59
2024-04-05,78510.59,78511.23,74846.3,75171.8
2024-04-06,75171.8,76839.68,74820.24,76493.58
2024-04-07,76493.58,81159.54,76493.58,80046.68
2024-04-08,80046.68,83064.27,78582.78,80240.88
2024-04-09,80240.88,81976.8,79631.49,80187.16
2024-04-10,80187.16,80459.5,78412.07,79460.0
2024-04-11,79460.0,83737.49,79321.5,81697.86
2024-04-12,81697.86,84985.92,79254.76,80082.93
2024-04-13,80082.93,80089.28,66270.65,66895.91
2024-04-14,66895.91,68208.0,65695.28,67004.72
2024-04-15,67004.72,69287.69,65969.33,65969.33
2024-04-16,65969.33,67883.25,64139.49,64172.47
2024-04-17,64172.47,69853.15,64157.4,67052.98
2024-04-18,67052.98,69230.18,66445.87,67625.09
2024-04-19,67625.09,67974.1,64234.35,65864.34
2024-04-20,65864.34,67264.89,65457.6,67260.22
2024-04-21,67260.22,68053.39,66426.09,66885.53
2024-04-22,66885.53,69113.95,66127.56,69047.38
2024-04-23,69047.38,70352.15,67968.05,68074.65
2024-04-24,68074.65,70387.51,67872.09,70078.67
2024-04-25,70078.67,70505.53,66663.27,67298.24
2024-04-26,67298.24,68545.59,66236.09,67291.46
2024-04-27,67291.46,68196.28,66148.54,67163.23
2024-04-28,67163.23,68159.34,65748.76,65756.11
2024-04-29,65756.11,68763.86,65639.63,66574.27
2024-04-30,66574.27,74226.5,66172.58,72521.57
2024-05-01,72521.57,73492.36,67926.47,68411.83
2024-05-02,68411.83,70587.03,67157.0,67560.58
2024-05-03,67560.58,72350.85,67276.61,72116.46
2024-05-04,72116.46,75456.67,71680.65,73775.18
2024-05-05,73775.18,73775.18,70873.41,72613.42
2024-05-06,72613.42,76114.53,70784.92,70800.01
2024-05-07,70800.01,73088.19,70650.32,70978.33
2024-05-08,70978.33,72734.97,69548.82,69706.16
2024-05-09,69706.16,71667.95,68645.4,69750.21
2024-05-10,69750.21,74107.74,69129.76,71759.45
2024-05-11,71759.45,71775.52,70563.58,70978.98
2024-05-12,70978.98,71151.63,68768.94,69757.31
2024-05-13,69757.31,72725.49,68004.05,71129.54
2024-05-14,71129.54,71428.7,67507.47,67744.08
2024-05-15,67744.08,73610.6,67744.08,73610.6
2024-05-16,73610.6,75616.21,72065.26,72377.87
2024-05-17,72377.87,75523.07,70998.62,74095.69
2024-05-18,74095.69,75766.17,74008.85,75167.22
2024-05-19,75167.22,77500.94,74891.56,75131.6
2024-05-20,75131.6,80058.12,70148.0,70546.09
2024-05-21,70546.09,78866.78,70546.09,78456.22
2024-05-22,78456.22,79700.41,77310.08,77763.21
2024-05-23,77763.21,79159.9,70438.53,70839.94
2024-05-24,70839.94,72440.76,69752.06,70215.54
2024-05-25,70215.54,73070.59,69579.86,72346.87
2024-05-26,72346.87,72498.99,71028.21,71075.8
2024-05-27,71075.8,73344.65,70551.22,71581.74
2024-05-28,71581.74,74141.82,70787.24,71916.76
2024-05-29,71916.76,76481.54,71820.18,76215.29
2024-05-30,76215.29,76334.95,74166.63,74249.84
2024-05-31,74249.84,77181.88,73752.97,76505.84
2024-06-01,76505.84,77195.54,75288.93,75473.29
2024-06-02,75473.29,78306.42,75126.19,76089.3
2024-06-03,76089.3,80992.45,75578.47,78539.21
2024-06-04,78539.21,83213.3,77993.32,81175.06
2024-06-05,81175.06,84896.04,81039.58,82457.73
2024-06-06,82457.73,84942.78,81654.05,81925.57
2024-06-07,81925.57,86722.46,81700.22,82373.71
2024-06-08,82373.71,83481.85,82161.43,83481.85
2024-06-09,83481.85,84075.03,83019.2,83579.08
2024-06-10,83579.08,85784.03,83426.04,85576.76
2024-06-11,85576.76,85862.29,82156.56,82657.35
2024-06-12,82657.35,85061.64,79095.96,81188.83
2024-06-13,81188.83,82773.48,79230.03,82146.49
2024-06-14,82146.49,84261.52,78762.12,79469.83
2024-06-15,79469.83,80507.16,78989.9,80503.44
2024-06-16,80503.44,82331.01,80416.87,80880.57
2024-06-17,80880.57,82039.03,78534.93,79693.14
2024-06-18,79693.14,80558.01,77660.47,77777.15
2024-06-19,77777.15,79474.76,75282.97,75442.14
2024-06-20,75442.14,78114.35,73827.09,74372.62
2024-06-21,74372.62,78171.86,74292.59,76733.96
2024-06-22,76733.96,78251.83,76574.23,78032.76
2024-06-23,78032.76,78141.61,77227.36,77587.7
2024-06-24,77587.7,81483.11,75522.27,75522.27
2024-06-25,75522.27,80176.46,74043.44,75580.15
2024-06-26,75580.15,76626.87,74085.43,74874.62
2024-06-27,74874.62,76227.78,74201.64,74905.83
2024-06-28,74905.83,78897.8,73862.95,78520.96
2024-06-29,78520.96,80614.77,77199.38,80544.66
2024-06-30,80544.66,85813.39,80355.51,85679.23
2024-07-01,85679.23,85717.19,81848.83,81848.83
2024-07-02,81848.83,86792.03,81814.32,84470.64
2024-07-03,84470.64,88755.78,83745.43,88024.27
2024-07-04,88024.27,92080.33,86334.46,88549.01
2024-07-05,88549.01,88626.07,82487.59,83117.4
2024-07-06,83117.4,84105.24,79481.43,80176.81
2024-07-07,80176.81,81997.4,79668.28,81289.35
2024-07-08,81289.35,82811.23,77551.77,78836.32
2024-07-09,78836.32,82182.11,76763.99,82173.01
2024-07-10,82173.01,84280.83,79221.33,82670.57
2024-07-11,82670.57,85414.85,80777.49,85087.79
2024-07-12,85087.79,86058.24,82942.4,83286.71
2024-07-13,83286.71,85452.1,82121.36,85449.27
2024-07-14,85449.27,88148.42,84943.63,84970.02
2024-07-15,84970.02,86667.43,83494.06,85223.44
2024-07-16,85223.44,86098.01,82358.25,83122.79
2024-07-17,83122.79,84652.53,79200.79,79402.46
2024-07-18,79402.46,79704.72,78116.06,78585.8
2024-07-19,78585.8,84679.69,77663.21,84274.85
2024-07-20,84274.85,84327.95,81405.89,82807.22
2024-07-21,82807.22,83957.13,79575.58,80649.8
2024-07-22,80649.8,82097.74,80417.44,80886.01
2024-07-23,80886.01,83050.02,80227.22,82275.28
2024-07-24,82275.28,83534.16,80509.61,81113.75
2024-07-25,81113.75,86269.01,79602.27,83326.98
2024-07-26,83326.98,87750.45,83049.99,84650.51
2024-07-27,84650.51,87908.07,84484.81,86090.44
2024-07-28,86090.44,86375.31,85136.58,85822.43
2024-07-29,85822.43,94163.31,84579.36,84869.85
2024-07-30,84869.85,84891.94,82710.16,82994.33
2024-07-31,82994.33,83478.97,81263.44,82569.05
2024-08-01,82569.05,90343.53,81869.88,87198.82
2024-08-02,87198.82,91011.99,85577.33,87795.29
2024-08-03,87795.29,88780.23,84884.66,85280.56
2024-08-04,85280.56,92370.91,85279.28,88101.15
2024-08-05,88101.15,88365.59,73654.96,75207.86
2024-08-06,75207.86,78286.81,74291.85,76846.52
2024-08-07,76846.52,81170.23,75509.53,76975.18
2024-08-08,76975.18,79191.51,73493.46,74961.97
2024-08-09,74961.97,76431.28,71568.24,71915.91
2024-08-10,71915.91,72004.38,70337.8,71070.06
2024-08-11,71070.06,73245.13,69944.92,70088.23
2024-08-12,70088.23,72799.73,68271.0,68489.17
2024-08-13,68489.17,72479.66,68302.46,72128.26
2024-08-14,72128.26,79338.24,72080.24,78048.23
2024-08-15,78048.23,83887.52,77987.37,83845.67
2024-08-16,83845.67,84596.96,80997.98,82133.08
2024-08-17,82133.08,83269.9,82015.15,82618.48
2024-08-18,82618.48,84736.88,82322.97,82690.11
2024-08-19,82690.11,84777.35,79509.61,79747.84
2024-08-20,79747.84,86776.37,79685.48,82713.25
2024-08-21,82713.25,85606.2,82123.11,85606.2
2024-08-22,85606.2,85950.85,83143.86,83677.26
2024-08-23,83677.26,90065.89,82319.98,86681.74
2024-08-24,86681.74,88752.66,86313.84,87051.74
2024-08-25,87051.74,88960.36,86916.82,87948.77
2024-08-26,87948.77,88020.04,84285.87,84294.9
2024-08-27,84294.9,87476.27,80179.76,81453.79
2024-08-28,81453.79,82631.22,78680.84,79137.69
2024-08-29,79137.69,84470.28,79115.22,81439.37
2024-08-30,81439.37,83366.57,79812.02,79856.02
2024-08-31,79856.02,81356.5,79856.02,80996.06
2024-09-01,80996.06,83902.43,80870.89,82150.91
2024-09-02,82150.91,84750.13,80916.98,82500.25
2024-09-03,82500.25,87931.31,81885.63,83165.32
2024-09-04,83165.32,83219.14,78718.73,81104.8
2024-09-05,81104.8,85987.88,81087.15,83700.76
2024-09-06,83700.76,87882.75,82944.13,85488.33
2024-09-07,85488.33,85550.15,83180.9,83352.46
2024-09-08,83352.46,85269.91,82743.09,84700.14
2024-09-09,84700.14,90656.81,84681.62,87581.68
2024-09-10,87581.68,87808.31,85824.2,86216.3
2024-09-11,86216.3,87890.72,85614.72,85817.5
2024-09-12,85817.5,88599.06,85423.73,85500.05
2024-09-13,85500.05,89405.48,85474.09,89405.48
2024-09-14,89405.48,90349.34,87236.67,87432.21
2024-09-15,87432.21,88682.14,85938.29,86300.93
2024-09-16,86300.93,86480.91,84431.78,84511.53
2024-09-17,84511.53,89717.83,83409.15,85407.6
2024-09-18,85407.6,85721.94,81768.84,83777.53
2024-09-19,83777.53,89019.62,83402.82,87180.81
2024-09-20,87180.81,89422.31,85995.02,86594.9
2024-09-21,86594.9,87655.39,86550.25,86611.76
2024-09-22,86611.76,87137.3,84094.91,85731.9
2024-09-23,85731.9,89922.77,84412.01,88984.87
2024-09-24,88984.87,91473.93,88540.96,91142.01
2024-09-25,91142.01,92343.72,87860.98,88401.72
2024-09-26,88401.72,91012.22,86013.03,88244.15
2024-09-27,88244.15,90067.97,85641.26,85845.49
2024-09-28,85845.49,86710.23,85260.54,85269.97
2024-09-29,85269.97,86132.97,84448.68,85611.56
2024-09-30,85611.56,90677.76,85188.23,86794.06
2024-10-01,86794.06,90760.74,83743.48,84308.09
2024-10-02,84308.09,85931.84,82018.08,82501.46
2024-10-03,82501.46,85380.65,82098.38,84455.58
2024-10-04,84455.58,87642.43,84415.83,84720.24
2024-10-05,84720.24,85474.05,83878.39,84277.21
2024-10-06,84277.21,87003.7,84193.07,86182.28
2024-10-07,86182.28,88317.2,83236.47,83237.51
2024-10-08,83237.51,87040.16,83237.51,85922.61
2024-10-09,85922.61,89410.36,84552.57,86900.7
2024-10-10,86900.7,88826.48,85281.24,85845.55
2024-10-11,85845.55,89040.81,83243.62,87530.07
2024-10-12,87530.07,89708.13,87333.47,89356.26
2024-10-13,89356.26,89405.64,85772.92,85774.87
2024-10-14,85774.87,89169.45,84266.74,86442.97
2024-10-15,86442.97,87581.74,82710.37,82777.22
2024-10-16,82777.22,88071.97,82604.98,86460.73
2024-10-17,86460.73,86852.19,81444.82,81689.88
2024-10-18,81689.88,89370.25,81689.88,86390.15
2024-10-19,86390.15,87259.44,85912.44,86747.85
2024-10-20,86747.85,88008.68,86269.58,86607.14
2024-10-21,86607.14,90179.5,86131.59,86947.83
2024-10-22,86947.83,87788.38,85929.53,86930.44
2024-10-23,86930.44,87942.14,83880.87,84243.06
2024-10-24,84243.06,86258.56,83506.87,85470.82
2024-10-25,85470.82,86047.77,79943.1,80095.98
2024-10-26,80095.98,81827.33,79904.24,80972.17
2024-10-27,80972.17,82258.98,80886.17,82208.52
2024-10-28,82208.52,89114.89,81988.44,89114.89
2024-10-29,89114.89,93435.77,88841.82,90244.82
2024-10-30,90244.82,90926.43,87785.98,89315.34
2024-10-31,89315.34,91639.79,88894.98,89547.08
2024-11-01,89547.08,90871.01,83657.37,84093.33
2024-11-02,84093.33,85988.7,83928.88,85854.96
2024-11-03,85854.96,86690.75,82464.73,82985.13
2024-11-04,82985.13,85972.03,82565.64,84137.89
2024-11-05,84137.89,84755.58,82456.89,82909.61
2024-11-06,82909.61,91371.31,82137.4,89444.32
2024-11-07,89444.32,90319.7,88300.11,88614.62
2024-11-08,88614.62,92124.95,88268.17,89973.35
2024-11-09,89973.35,89984.08,87267.91,87462.86
2024-11-10,87462.86,89111.73,84423.26,85951.32
2024-11-11,85951.32,91081.89,84950.31,84950.31
2024-11-12,84950.31,88449.91,83273.47,84314.81
2024-11-13,84314.81,87677.32,83026.29,83026.29
2024-11-14,83026.29,86582.42,82967.82,85965.52
2024-11-15,85965.52,86406.17,83569.38,84835.88
2024-11-16,84835.88,85533.33,83887.88,84679.91
2024-11-17,84679.91,86400.62,84033.82,84050.43
2024-11-18,84050.43,86528.24,82858.02,84964.76
2024-11-19,84964.76,90441.67,83035.62,85473.22
2024-11-20,85473.22,92607.04,84053.86,89561.55
2024-11-21,89561.55,91738.43,88783.45,89315.71
2024-11-22,89315.71,92949.81,88937.28,90665.47
2024-11-23,90665.47,91187.81,89929.43,90280.16
2024-11-24,90280.16,90316.05,87497.22,87506.41
2024-11-25,87506.41,91974.33,87030.77,90386.93
2024-11-26,90386.93,90918.75,87089.71,87582.17
2024-11-27,87582.17,89448.5,86144.67,86144.67
2024-11-28,86144.67,87560.7,85653.06,85986.47
2024-11-29,85986.47,90056.94,85448.0,87999.15
2024-11-30,87999.15,88183.85,86596.19,86886.8
2024-12-01,86886.8,87583.0,86204.09,86611.76
2024-12-02,86611.76,89258.43,86203.06,86360.44
2024-12-03,86360.44,88323.57,86336.56,87478.36
2024-12-04,87478.36,92672.04,86897.04,92672.04
2024-12-05,92672.04,98008.33,91796.34,92222.65
2024-12-06,92222.65,92647.76,88985.5,89424.86
2024-12-07,89424.86,90260.92,88563.67,88606.1
2024-12-08,88606.1,90028.99,88425.92,89369.93
2024-12-09,89369.93,90806.74,88485.29,89931.81
2024-12-10,89931.81,90138.95,87430.69,87743.4
2024-12-11,87743.4,94331.88,87659.74,92932.68
2024-12-12,92932.68,94701.2,91619.49,91664.94
2024-12-13,91664.94,93017.44,90031.02,92006.98
2024-12-14,92006.98,93491.53,91912.09,92605.91
2024-12-15,92605.91,99444.13,92327.4,98889.58
2024-12-16,98889.58,99550.59,93016.44,93131.38
2024-12-17,93131.38,96511.65,92333.57,92348.22
2024-12-18,92348.22,93175.02,90216.66,92463.7
2024-12-19,92463.7,93623.49,90468.85,91563.65
2024-12-20,91563.65,95944.78,88679.36,89105.58
2024-12-21,89105.58,89442.98,86585.67,87817.16
2024-12-22,87817.16,88590.2,86637.71,86862.42
2024-12-23,86862.42,91068.65,86797.91,90258.83
2024-12-24,90258.83,92573.96,89716.41,91743.75
2024-12-25,91743.75,92438.04,91099.44,91863.89
2024-12-26,91863.89,92108.86,88764.24,89323.62
2024-12-27,89323.62,90427.89,88303.81,89655.86
2024-12-28,89655.86,90868.91,89461.17,90694.42
2024-12-29,90694.42,91392.47,89580.66,89932.06
2024-12-30,89932.06,93148.2,89818.8,90900.25
2024-12-31,90900.25,93410.72,90201.41,91235.02
2025-01-01,91235.02,92641.65,90769.4,92288.42
2025-01-02,92288.42,94563.22,91734.96,91928.11
2025-01-03,91928.11,92151.54,90288.26,90571.76
2025-01-04,90571.76,90618.91,87403.58,87454.11
2025-01-05,87454.11,90145.46,87431.64,90092.2
2025-01-06,90092.2,94647.23,90092.2,93902.57
2025-01-07,93902.57,93961.73,89845.79,92129.72
2025-01-08,92129.72,92602.41,89949.73,90705.94
2025-01-09,90705.94,91559.63,87279.16,87390.49
2025-01-10,87390.49,89728.06,87390.49,88466.68
2025-01-11,88466.68,88581.74,87622.12,87661.82
2025-01-12,87661.82,89012.65,87487.79,87533.95
2025-01-13,87533.95,90940.64,83614.06,83844.35
2025-01-14,83844.35,86237.65,83844.35,84489.13
2025-01-15,84489.13,87565.04,84470.02,86634.07
2025-01-16,86634.07,87116.7,84986.67,86229.62
2025-01-17,86229.62,91573.22,85880.5,90555.31
2025-01-18,90555.31,90699.24,87476.58,87809.62
2025-01-19,87809.62,90490.56,83940.6,84083.15
2025-01-20,84083.15,88472.6,83167.19,84054.76
2025-01-21,84054.76,87154.2,83988.85,86597.35
2025-01-22,86597.35,86597.35,83820.74,83827.97
2025-01-23,83827.97,86623.03,80414.09,80451.54
2025-01-24,80451.54,83953.5,80085.38,82341.46
2025-01-25,82341.46,82473.74,80941.15,81551.93
2025-01-26,81551.93,83000.87,81384.02,81646.02
2025-01-27,81646.02,87181.32,81646.02,84001.04
2025-01-28,84001.04,84001.04,80273.36,80356.33
2025-01-29,80356.33,81839.31,80154.18,81401.04
2025-01-30,81401.04,85354.12,81192.02,83002.93
2025-01-31,83002.93,84316.38,81518.59,83384.24
2025-02-01,83384.24,84262.2,82762.52,84239.33
2025-02-02,84239.33,84936.12,82718.31,83570.34
2025-02-03,83570.34,83802.81,78060.06,78320.27
2025-02-04,78320.27,79633.96,74870.9,74875.75
2025-02-05,74875.75,77702.45,74808.02,76433.27
2025-02-06,76433.27,77145.1,74977.23,75206.26
2025-02-07,75206.26,77877.38,74467.64,75992.71
2025-02-08,75992.71,77860.22,75204.29,76261.56
2025-02-09,76261.56,76308.55,74398.63,74484.34
2025-02-10,74484.34,77161.18,73990.75,75990.25
2025-02-11,75990.25,80035.92,75760.61,79155.32
2025-02-12,79155.32,80527.53,77222.32,78373.97
2025-02-13,78373.97,79563.39,77767.86,78469.85
2025-02-14,78469.85,79741.6,76972.1,76972.1
2025-02-15,76972.1,77307.32,76573.44,76886.02
2025-02-16,76886.02,77014.42,75967.61,76114.23
2025-02-17,76114.23,78248.89,76041.82,76978.48
2025-02-18,76978.48,84356.5,76975.74,82030.53
2025-02-19,82030.53,82030.53,77697.65,77709.08
2025-02-20,77709.08,82664.47,77670.85,82418.88
2025-02-21,82418.88,82444.22,79046.95,81285.62
2025-02-22,81285.62,81825.22,79571.82,79661.64
2025-02-23,79661.64,81091.48,79314.9,80418.46
2025-02-24,80418.46,90337.88,80330.86,90337.88
2025-02-25,90337.88,93393.14,85131.86,85167.99
2025-02-26,85167.99,87485.51,82064.43,82329.59
2025-02-27,82329.59,82749.67,79251.97,82500.45
2025-02-28,82500.45,84280.06,78921.67,78961.26
2025-03-01,78961.26,80711.23,78331.63,78475.8
2025-03-02,78475.8,80739.19,76274.42,79045.44
2025-03-03,79045.44,79091.99,70716.7,71171.18
2025-03-04,71171.18,72657.08,67480.97,67716.05
2025-03-05,67716.05,71490.22,67716.05,69807.82
2025-03-06,69807.82,71589.47,68495.04,68748.38
2025-03-07,68748.38,70558.09,67595.33,69109.27
2025-03-08,69109.27,70109.48,68228.1,68469.59
2025-03-09,68469.59,71897.41,68416.3,70092.17
2025-03-10,70092.17,70696.38,68161.02,69634.49
2025-03-11,69634.49,71563.9,68797.88,69968.3
2025-03-12,69968.3,71286.86,68747.89,68953.56
2025-03-13,68953.56,72306.4,68953.56,72027.93
2025-03-14,72027.93,74560.12,70541.87,72974.0
2025-03-15,72974.0,73165.82,70620.47,70620.47
2025-03-16,70620.47,71401.63,68430.97,68524.29
2025-03-17,68524.29,71259.16,68489.39,71098.41
2025-03-18,71098.41,71766.81,69179.42,70450.26
2025-03-19,70450.26,76189.01,69204.28,76189.01
2025-03-20,76189.01,77209.35,70571.05,70732.86
2025-03-21,70732.86,71445.78,69659.57,70731.56
2025-03-22,70731.56,71246.97,70126.5,70127.52
2025-03-23,70127.52,72870.25,69938.13,72870.25
2025-03-24,72870.25,79740.64,72814.08,77225.38
2025-03-25,77225.38,77227.7,74140.52,75023.15
2025-03-26,75023.15,75064.55,70197.01,70459.64
2025-03-27,70459.64,72366.03,70232.92,70730.25
2025-03-28,70730.25,74245.02,69722.12,73853.63
2025-03-29,73853.63,73882.95,70419.83,71043.2
2025-03-30,71043.2,71317.61,69500.71,69931.72
2025-03-31,69931.72,71272.09,68651.32,68839.8
2025-04-01,68839.8,71949.13,68805.73,71536.19
2025-04-02,71536.19,74280.45,69233.41,69850.94
2025-04-03,69850.94,71833.21,68074.72,71577.72
2025-04-04,71577.72,73756.38,69799.71,72832.34
2025-04-05,72832.34,73984.89,70787.81,70787.81
2025-04-06,70787.81,73797.5,70271.97,73114.28
2025-04-07,73114.28,74528.39,69437.44,70875.06
2025-04-08,70875.06,73442.94,69840.02,73335.12
2025-04-09,73335.12,78278.87,73094.3,74619.6
2025-04-10,74619.6,75040.68,72400.02,73548.56
2025-04-11,73548.56,79938.01,72824.94,78185.72
2025-04-12,78185.72,81260.37,77319.02,80934.14
2025-04-13,80934.14,82534.96,77373.12,77521.88
2025-04-14,77521.88,79124.59,75735.54,75814.6
2025-04-15,75814.6,81230.58,75804.98,77420.94
2025-04-16,77420.94,79632.95,76309.66,76321.55
2025-04-17,76321.55,78416.02,76246.83,77971.04
2025-04-18,77971.04,78226.71,76067.61,76384.42
2025-04-19,76384.42,80194.47,75969.84,79143.84
2025-04-20,79143.84,79489.24,76586.54,77373.84
2025-04-21,77373.84,86177.96,76584.57,82036.55
2025-04-22,82036.55,90792.31,81812.77,84526.28
2025-04-23,84526.28,87007.49,81271.55,81609.52
2025-04-24,81609.52,83112.01,81309.2,82838.89
2025-04-25,82838.89,87085.26,81778.04,85981.36
2025-04-26,85981.36,86027.73,83654.67,83875.57
2025-04-27,83875.57,84813.92,83400.75,84123.13
2025-04-28,84123.13,85180.89,81566.0,81887.27
2025-04-29,81887.27,83404.85,81100.01,81933.23
2025-04-30,81933.23,82574.65,79990.99,80042.8
2025-05-01,80042.8,88043.59,79910.71,85982.59
2025-05-02,85982.59,88363.41,85697.76,86192.4
2025-05-03,86192.4,86213.25,83710.83,83718.27
2025-05-04,83718.27,83759.01,81723.08,81779.73
2025-05-05,81779.73,82249.12,79426.89,80387.5
2025-05-06,80387.5,83103.96,79805.65,82530.15
2025-05-07,82530.15,83094.99,80165.31,81441.14
2025-05-08,81441.14,85991.61,79311.94,79512.61
2025-05-09,79512.61,81220.1,78464.26,78464.26
2025-05-10,78464.26,80426.84,78278.81,79948.89
2025-05-11,79948.89,82343.71,78396.72,81329.66
2025-05-12,81329.66,84243.88,81175.88,81618.02
2025-05-13,81618.02,83663.17,81146.97,82269.05
2025-05-14,82269.05,82269.05,80120.49,80225.74
2025-05-15,80225.74,81566.75,79183.85,79522.67
2025-05-16,79522.67,81500.18,79490.56,80262.8
2025-05-17,80262.8,80457.96,78553.09,78575.18
2025-05-18,78575.18,85170.73,78493.87,80976.77
2025-05-19,80976.77,82493.3,78285.22,82339.63
2025-05-20,82339.63,84532.42,80417.2,83825.06
2025-05-21,83825.06,87616.69,83704.16,86979.24
2025-05-22,86979.24,91457.47,86979.24,88028.27
2025-05-23,88028.27,88953.25,83959.64,84033.88
2025-05-24,84033.88,86422.76,83341.65,86274.23
2025-05-25,86274.23,88522.33,86210.18,87957.13
2025-05-26,87957.13,91997.96,87611.64,90168.3
2025-05-27,90168.3,90467.35,86219.3,86809.17
2025-05-28,86809.17,88444.04,86334.18,87219.97
2025-05-29,87219.97,87261.56,85170.16,85647.8
2025-05-30,85647.8,85798.56,82282.4,82413.93
2025-05-31,82413.93,83918.61,82220.98,83549.39
2025-06-01,83549.39,83847.62,82418.53,82802.08
2025-06-02,82802.08,83994.98,80952.47,81998.86
2025-06-03,81998.86,84508.01,80605.48,82484.51
2025-06-04,82484.51,83171.96,80743.97,80788.88
2025-06-05,80788.88,83758.06,80760.85,82245.62
2025-06-06,82245.62,86439.73,82105.15,84605.01
2025-06-07,84605.01,84605.01,82426.02,83204.03
2025-06-08,83204.03,83831.13,82508.84,82509.37
2025-06-09,82509.37,86410.67,81078.2,86406.06
2025-06-10,86406.06,86594.01,84024.73,84491.61
2025-06-11,84491.61,85833.75,82183.19,82283.89
2025-06-12,82283.89,83074.26,78951.7,79454.05
2025-06-13,79454.05,79744.49,76575.99,78494.53
2025-06-14,78494.53,78833.97,77398.58,78206.61
2025-06-15,78206.61,79417.91,78143.63,78622.34
2025-06-16,78622.34,81280.91,77944.81,77944.81
2025-06-17,77944.81,78923.49,76270.75,76549.91
2025-06-18,76549.91,77856.55,76259.87,76488.59
2025-06-19,76488.59,77864.53,76440.24,77791.66
2025-06-20,77791.66,79787.14,77190.69,77503.66
2025-06-21,77503.66,77755.2,74577.55,75458.72
2025-06-22,75458.72,79887.86,74649.29,78681.25
2025-06-23,78681.25,78693.57,72378.04,72607.42
2025-06-24,72607.42,75455.26,72565.49,75439.08
2025-06-25,75439.08,77622.71,75439.08,76624.13
2025-06-26,76624.13,79070.63,76624.13,77713.41
2025-06-27,77713.41,77829.78,75302.06,75333.28
2025-06-28,75333.28,75952.07,74736.78,75521.82
2025-06-29,75521.82,79356.43,75393.77,77914.5
2025-06-30,77914.5,79248.62,76133.93,76423.95
2025-07-01,76423.95,76823.46,74365.94,74366.34
2025-07-02,74366.34,82339.13,73884.94,81360.0
2025-07-03,81360.0,83554.15,80818.36,82933.29
2025-07-04,82933.29,82959.66,79442.56,79505.74
2025-07-05,79505.74,79987.24,79292.3,79292.36
2025-07-06,79292.36,79415.67,77490.04,77922.9
2025-07-07,77922.9,80297.56,77899.18,78233.52
2025-07-08,78233.52,78897.6,77587.07,78098.26
2025-07-09,78098.26,85858.6,77416.2,85654.0
2025-07-10,85654.0,90227.89,83628.64,85102.8
2025-07-11,85102.8,88697.99,84670.86,87798.9
2025-07-12,87798.9,88881.85,87733.56,88026.47
2025-07-13,88026.47,89934.25,87859.01,89417.14
2025-07-14,89417.14,93435.2,89396.61,93068.11
2025-07-15,93068.11,93830.22,89626.55,89716.09
2025-07-16,89716.09,91021.9,89136.69,89543.39
2025-07-17,89543.39,89856.0,88028.47,89606.26
2025-07-18,89606.26,90645.13,89104.36,89346.67
2025-07-19,89346.67,89387.3,87616.64,87690.26
2025-07-20,87690.26,90406.84,87393.72,89274.26
2025-07-21,89274.26,91075.98,87983.66,90302.17
2025-07-22,90302.17,91750.05,87947.88,90078.49
2025-07-23,90078.49,90442.06,86770.59,87172.33
2025-07-24,87172.33,90030.01,86542.52,89593.31
2025-07-25,89593.31,98753.35,88738.36,91505.38
2025-07-26,91505.38,91843.55,88584.46,89285.27
2025-07-27,89285.27,91068.28,88897.08,90391.42
2025-07-28,90391.42,92429.11,90200.49,91806.95
2025-07-29,91806.95,92029.89,89602.56,90961.21
2025-07-30,90961.21,92257.39,89978.24,91478.13
2025-07-31,91478.13,91729.01,90144.64,90241.05
2025-08-01,90241.05,90335.39,88387.1,89001.46
2025-08-02,89001.46,89147.63,85720.52,85727.55
2025-08-03,85727.55,86266.99,85140.42,85204.87
2025-08-04,85204.87,85529.41,84585.52,84815.55
2025-08-05,84815.55,85694.91,83846.7,83848.53
2025-08-06,83848.53,84245.74,83186.03,83760.11
2025-08-07,83760.11,85101.89,82900.72,82977.39
2025-08-08,82977.39,83828.2,82226.63,82289.64
2025-08-09,82225.98,84712.03,81968.81,84098.4
2025-08-10,84002.01,86928.1,83926.21,86737.08
2025-08-11,86959.4,94224.8,86872.6,89722.82
2025-08-12,89722.82,90238.7,88540.31,88966.92
2025-08-13,88966.92,94422.19,88290.06,93243.33
2025-08-14,93243.33,95451.16,91923.65,91923.65
2025-08-15,91923.65,92562.72,88802.9,89021.53
2025-08-16,89021.53,90891.27,89008.09,90565.54
2025-08-17,90565.54,90589.29,89302.12,89558.02
2025-08-18,89558.02,89750.46,87412.7,87484.29
2025-08-19,87484.29,88582.63,86516.78,87861.01
2025-08-20,87861.01,87918.63,85713.05,85992.18
2025-08-21,85992.18,89934.65,85843.42,89649.29
2025-08-22,89649.29,90687.9,87661.58,88575.89
2025-08-23,88575.89,92090.07,87972.16,91746.17
2025-08-24,91746.17,95275.36,91263.27,93740.16
2025-08-25,93740.16,94679.14,90062.17,90121.17
2025-08-26,90121.17,90127.72,88760.03,89250.1
2025-08-27,89250.1,89722.55,88103.17,88135.72
2025-08-28,88135.72,89327.61,87732.09,88002.37
2025-08-29,88002.37,89507.14,87883.54,89143.38
2025-08-30,89143.38,90015.41,88851.95,89548.08
2025-08-31,89548.08,90429.57,89534.55,89830.0
2025-09-01,89830.0,90830.64,88036.76,88445.91
2025-09-02,88445.91,91623.59,88310.2,89267.16
2025-09-03,89267.16,90897.11,88790.54,90303.25
2025-09-04,90303.25,90646.03,88052.41,88082.45
2025-09-05,88082.45,91933.0,86937.49,87253.1
2025-09-06,87253.1,87685.83,86918.18,86987.66
2025-09-07,86987.66,88914.63,86896.87,88886.04
2025-09-08,88886.04,92327.43,88617.38,91251.36
2025-09-09,91251.36,92483.93,90200.8,92138.72
2025-09-10,92138.72,95675.43,89730.75,93799.71
2025-09-11,93799.71,94182.0,92112.21,92641.87
2025-09-12,92641.87,93582.24,91553.25,91689.1
2025-09-13,91689.1,92116.24,89120.3,89213.36
2025-09-14,89213.36,89517.75,87745.06,87745.06
2025-09-15,87745.06,89529.0,87482.24,88349.35
2025-09-16,88349.35,90807.48,87162.56,90736.27
2025-09-17,90736.27,91466.23,87438.14,87438.14
2025-09-18,87438.14,91416.12,87187.62,91077.33
2025-09-19,91077.33,91529.84,89031.25,90126.5
2025-09-20,90126.5,90285.87,88808.04,89154.24
2025-09-21,89154.24,89154.62,88531.93,88677.88
2025-09-22,88677.88,90175.83,86485.47,87111.29
2025-09-23,87111.29,88299.26,86609.3,88244.1
2025-09-24,88244.1,89309.49,87186.41,89147.13
2025-09-25,89147.13,89288.75,84740.99,84822.75
2025-09-26,84822.75,86655.83,84459.27,84919.84
2025-09-27,84919.84,85120.19,84518.3,84550.93
2025-09-28,84550.93,86090.12,84422.27,86090.12
2025-09-29,86090.12,88986.71,85646.28,88865.85
2025-09-30,88865.85,90373.23,87588.46,88524.38
2025-10-01,88524.38,93143.43,88327.68,91463.81
2025-10-02,91463.81,93994.49,91436.05,93673.79
2025-10-03,93673.79,97840.99,93637.49,95864.09
2025-10-04,95864.09,97338.9,95539.33,96411.68
2025-10-05,96411.68,102237.98,96330.26,99286.62
2025-10-06,99286.62,101229.69,98331.04,100134.94
2025-10-07,100134.94,100241.01,93131.46,93158.61
2025-10-08,93158.61,93677.69,92249.65,92249.65
2025-10-09,92249.65,98210.66,92026.57,96722.01
2025-10-10,96722.01,97018.82,72370.03,72434.6
2025-10-11,72434.6,76473.85,71422.19,74331.36
2025-10-12,74331.36,76254.7,70503.2,75913.61
2025-10-13,75913.61,77510.66,75726.11,76664.37
2025-10-14,76664.37,80978.45,75722.06,79277.9
2025-10-15,79277.9,81259.49,78143.1,78143.1
2025-10-16,78143.1,80871.39,77604.54,79748.36
2025-10-17,79748.36,83705.88,78776.23,79030.32
2025-10-18,79030.32,82762.96,78836.81,82224.45
2025-10-19,82224.45,82465.29,79258.99,80781.46
2025-10-20,80781.46,83860.91,80013.24,83834.18
2025-10-21,83834.18,86094.73,81367.18,82911.47
2025-10-22,82911.47,82950.31,75370.78,75962.12
2025-10-23,75962.12,77912.34,75735.85,76577.48
2025-10-24,76577.48,80309.67,76307.42,77764.93
2025-10-25,77764.93,79411.99,77491.85,79302.08
2025-10-26,79302.08,82349.13,79208.11,81736.56
2025-10-27,81736.56,82081.11,77949.84,78014.01
2025-10-28,78014.01,78256.27,75821.93,75821.93
2025-10-29,75821.93,78318.29,75812.2,78314.16
2025-10-30,78314.16,79190.86,77882.01,77895.88
2025-10-31,77895.88,79347.7,72435.64,78354.08
2025-11-01,78354.08,78360.8,76632.91,76676.27
2025-11-02,76676.27,77254.69,76017.35,76017.35
2025-11-03,76017.35,78231.57,75853.83,77413.57
2025-11-04,77413.57,81290.79,77024.88,81000.53
2025-11-05,81000.53,85513.52,81000.53,83884.4
2025-11-06,83884.4,83921.28,81777.93,82288.23
2025-11-07,82288.23,87386.54,81971.21,86824.34
2025-11-08,86824.34,86824.34,84089.47,84273.54
2025-11-09,84273.54,85955.57,84068.72,85494.42
2025-11-10,85494.42,87721.38,85175.5,86842.37
2025-11-11,86842.37,86997.47,83976.58,85638.37
2025-11-12,85638.37,86657.26,84809.98,85983.79
2025-11-13,85983.79,91812.15,85452.28,91608.25
2025-11-14,91608.25,93382.62,88452.17,93382.62
2025-11-15,93382.62,97398.92,93382.62,96863.29
2025-11-16,96863.29,98690.83,96620.5,98680.9
2025-11-17,98680.9,101314.38,95998.5,101314.38
2025-11-18,101314.38,103318.9,99843.07,99950.77
2025-11-19,99950.77,101422.74,99058.41,100817.43
2025-11-20,100817.43,105639.03,99671.04,105039.77
2025-11-21,105039.77,105777.76,97888.44,98405.41
2025-11-22,98405.41,99188.19,97896.94,98858.74
2025-11-23,98858.74,99984.56,96511.76,96608.26
2025-11-24,96608.26,97001.84,93189.94,93197.84
2025-11-25,93197.84,93200.95,89726.03,90025.64
2025-11-26,90025.64,90894.27,88683.1,88991.39
2025-11-27,88991.39,91402.68,88801.92,90203.55
2025-11-28,90203.55,90991.11,88988.85,89272.27
2025-11-29,89272.27,89346.94,88305.6,88483.17
2025-11-30,88483.17,90709.43,88420.87,90582.22
2025-12-01,90582.22,91265.78,88332.06,88381.53
2025-12-02,88381.53,91429.13,88156.06,88897.07
2025-12-03,88897.07,91386.73,88252.91,88324.26
2025-12-04,88324.26,91089.19,88072.95,89249.17
2025-12-05,89249.17,90064.33,86530.91,86705.37
2025-12-06,86705.37,88101.26,86644.26,87643.17
2025-12-07,87643.17,89002.91,86502.05,87164.9
2025-12-08,87164.9,89245.03,86525.31,87037.64
2025-12-09,87037.64,90793.41,86998.55,88586.92
2025-12-10,88586.92,88915.97,85112.13,85470.63
2025-12-11,85470.63,88515.65,85304.8,87099.87
2025-12-12,87099.87,88104.6,86224.93,87500.72
2025-12-13,87500.72,88217.45,87471.81,87751.24
2025-12-14,87751.24,89923.25,87557.74,88544.33
2025-12-15,88544.33,91481.45,87950.85,91470.47
2025-12-16,91470.47,91904.76,88514.85,88593.2
2025-12-17,88593.2,90291.42,88034.89,88163.72
2025-12-18,88163.72,90612.22,86972.52,89786.91
2025-12-19,89786.91,93132.83,89166.08,91990.51
2025-12-20,91807.88,92371.01,91162.12,91225.15
2025-12-21,91225.15,91225.15,91225.15,91225.15
2025-12-22,89861.11,92229.01,89192.93,91124.64
2025-12-23,91124.64,95125.28,90912.99,95125.28
2025-12-24,95125.28,95592.33,92597.19,92603.73
2025-12-25,92603.73,93778.84,92472.66,93182.22
2025-12-26,93182.22,95380.91,92371.86,92489.11
2025-12-27,92489.11,92579.77,91323.52,91507.99
2025-12-28,91507.99,93173.12,91507.99,93071.03
2025-12-29,93071.03,98771.16,92838.34,94898.32
2025-12-30,94898.32,96024.33,94339.63,94706.17
2025-12-31,94706.17,95045.68,94142.58,94199.32
2026-01-01,94199.32,95055.51,93860.57,93937.75
2026-01-02,93937.75,97809.57,93664.61,96733.75
2026-01-03,96733.75,97133.92,95218.93,97119.06
2026-01-04,97119.06,97963.11,97002.36,97708.29
2026-01-05,97708.29,99398.82,95549.35,96542.49
2026-01-06,96542.49,96575.09,92541.04,92966.77
2026-01-07,92966.77,95951.49,92838.32,95922.75
2026-01-08,95922.75,101616.72,95631.94,97473.42
2026-01-09,97473.42,97880.56,95360.5,95973.42
2026-01-10,95973.42,96261.48,95728.24,95963.15
2026-01-11,95963.15,97019.93,95902.65,96506.53
2026-01-12,96506.53,96542.63,93398.86,93401.47
2026-01-13,93401.47,97380.83,92628.38,95150.78
2026-01-14,95150.78,96996.26,93958.27,96367.01
2026-01-15,96367.01,97789.96,94116.55,96592.18
2026-01-16,96592.18,97498.11,95245.8,95255.45
2026-01-17,95255.45,95954.88,94849.77,95954.88
2026-01-18,95954.88,97704.64,95708.77,95769.42
2026-01-19,95769.42,95769.42,93021.79,94012.99
2026-01-20,94012.99,100161.29,93990.64,98891.14
2026-01-21,98891.14,100497.35,98319.15,99073.64
2026-01-22,99073.64,101854.72,98962.68,99635.71
2026-01-23,99635.71,101506.11,98238.07,98285.87
2026-01-24,98285.87,99582.7,98207.44,99582.7
2026-01-25,99582.7,104043.23,99582.7,102171.44
2026-01-26,102171.44,104561.19,100907.11,100907.11
2026-01-27,100907.11,101416.61,100202.2,101409.48
