date,unconfirmed_count,mempool_size,avg_block_size,BTC_DVOL_Open,BTC_DVOL_Close
2025-01-27 00:00:00,331822.0,,1.7796417756410254,56.74,59.05
2025-01-27 12:45:00,,29149469.0,,,
2025-01-27 18:30:00,,25324088.0,,,
2025-01-28 00:00:00,305769.0,,1.9123466959459459,59.05,56.2
2025-01-28 00:15:00,,25986955.0,,,
2025-01-28 06:00:00,,22283919.0,,,
2025-01-28 11:45:00,,27618871.0,,,
2025-01-28 17:30:00,,38884503.0,,,
2025-01-28 23:15:00,,27666345.0,,,
2025-01-29 00:00:00,355121.0,,1.7883141612903222,56.2,56.15
2025-01-29 05:00:00,,17316682.5,,,
2025-01-29 10:45:00,,21056140.5,,,
2025-01-29 16:30:00,,26822630.5,,,
2025-01-29 22:15:00,,21683565.0,,,
2025-01-30 00:00:00,334938.0,,1.7439475379310347,56.15,54.64
2025-01-30 04:00:00,,19604263.5,,,
2025-01-30 09:45:00,,16713054.0,,,
2025-01-30 15:30:00,,15483531.0,,,
2025-01-30 21:15:00,,14055631.0,,,
2025-01-31 00:00:00,328521.0,,1.7345627839999993,54.64,53.32
2025-01-31 03:00:00,,7703194.5,,,
2025-01-31 08:45:00,,12422759.0,,,
2025-01-31 14:30:00,,17672886.0,,,
2025-01-31 20:15:00,,30909729.5,,,
2025-02-01 00:00:00,357292.0,,1.8756956847826083,53.32,53.77
2025-02-01 02:00:00,,28329616.5,,,
2025-02-01 07:45:00,,23608732.5,,,
2025-02-01 13:30:00,,9916356.5,,,
2025-02-01 19:15:00,,6544583.0,,,
2025-02-02 00:00:00,383075.0,,1.6779790877192988,53.77,57.04
2025-02-02 01:00:00,,2167866.5,,,
2025-02-02 06:45:00,,384106.5,,,
2025-02-02 12:30:00,,4691550.0,,,
2025-02-02 18:15:00,,16884196.0,,,
2025-02-03 00:00:00,360212.0,28604858.0,1.689621862745099,57.04,56.94
2025-02-03 05:45:00,,26621747.5,,,
2025-02-03 11:30:00,,25199644.0,,,
2025-02-03 17:15:00,,12365375.5,,,
2025-02-03 23:00:00,,14204384.0,,,
2025-02-04 00:00:00,308406.0,,1.840725908396947,55.61,54.03
2025-02-04 04:45:00,,6278119.5,,,
2025-02-04 10:30:00,,7867089.0,,,
2025-02-04 16:15:00,,5533455.0,,,
2025-02-04 22:00:00,,8180154.5,,,
2025-02-05 00:00:00,380902.0,,1.9081175694444446,54.03,54.53
2025-02-05 03:45:00,,7845029.0,,,
2025-02-05 09:30:00,,3385942.0,,,
2025-02-05 15:15:00,,6373974.0,,,
2025-02-05 21:00:00,,2645670.5,,,
2025-02-06 00:00:00,428138.0,,1.7654181517241379,54.53,53.91
2025-02-06 02:45:00,,4890664.0,,,
2025-02-06 08:30:00,,14599479.0,,,
2025-02-06 14:15:00,,11024917.5,,,
2025-02-06 20:00:00,,10350700.5,,,
2025-02-07 00:00:00,498216.0,,1.7348832023121383,53.9,54.17
2025-02-07 01:45:00,,4894735.5,,,
2025-02-07 07:30:00,,3672344.5,,,
2025-02-07 13:15:00,,4985595.5,,,
2025-02-07 19:00:00,,7042528.5,,,
2025-02-08 00:00:00,468972.0,,1.7985652999999993,54.17,53.49
2025-02-08 00:45:00,,5588977.5,,,
2025-02-08 06:30:00,,7685280.5,,,
2025-02-08 12:15:00,,1045978.0,,,
2025-02-08 18:00:00,,6560902.5,,,
2025-02-08 23:45:00,,2076315.5,,,
2025-02-09 00:00:00,385257.0,,1.8484050769230782,53.49,54.21
2025-02-09 05:30:00,,7925168.5,,,
2025-02-09 11:15:00,,2199347.5,,,
2025-02-09 17:00:00,,1946167.5,,,
2025-02-09 22:45:00,,3893607.0,,,
2025-02-10 00:00:00,359372.0,,1.6840576115107921,54.21,52.4
2025-02-10 04:30:00,,4213326.5,,,
2025-02-10 10:15:00,,1065639.0,,,
2025-02-10 16:00:00,,9399642.5,,,
2025-02-10 21:45:00,,2220318.0,,,
2025-02-11 00:00:00,337365.0,,1.6674805241935486,52.4,54.23
2025-02-11 03:30:00,,6572944.0,,,
2025-02-11 09:15:00,,4155828.5,,,
2025-02-11 15:00:00,,4798187.0,,,
2025-02-11 20:45:00,,6720671.0,,,
2025-02-12 00:00:00,386384.0,,1.689297165413533,54.23,51.49
2025-02-12 02:30:00,,2386480.5,,,
2025-02-12 08:15:00,,4798069.5,,,
2025-02-12 14:00:00,,14564193.0,,,
2025-02-12 19:45:00,,14919055.0,,,
2025-02-13 00:00:00,379748.0,,1.7881072405063287,51.49,51.76
2025-02-13 01:30:00,,14532778.0,,,
2025-02-13 07:15:00,,14618994.0,,,
2025-02-13 13:00:00,,11842604.5,,,
2025-02-13 18:45:00,,11830642.0,,,
2025-02-14 00:00:00,345847.0,,1.7718157763157887,51.77,51.6
2025-02-14 00:30:00,,300674.0,,,
2025-02-14 06:15:00,,13508486.5,,,
2025-02-14 12:00:00,,10969095.5,,,
2025-02-14 17:45:00,,6818196.5,,,
2025-02-14 23:30:00,,6963813.0,,,
2025-02-15 00:00:00,306766.0,,1.8440339749999999,51.6,50.61
2025-02-15 05:15:00,,6695753.5,,,
2025-02-15 11:00:00,,7069513.5,,,
2025-02-15 16:45:00,,2897256.0,,,
2025-02-15 22:30:00,,705129.0,,,
2025-02-16 00:00:00,299952.0,,1.4039354105960273,50.61,50.84
2025-02-16 04:15:00,,1852782.0,,,
2025-02-16 10:00:00,,344506.0,,,
2025-02-16 15:45:00,,6610196.5,,,
2025-02-16 21:30:00,,517428.5,,,
2025-02-17 00:00:00,333313.0,,1.7308320364963508,50.84,51.73
2025-02-17 03:15:00,,19824326.5,,,
2025-02-17 09:00:00,,16198465.0,,,
2025-02-17 14:45:00,,19689743.0,,,
2025-02-17 20:30:00,,27922815.0,,,
2025-02-18 00:00:00,422554.0,,1.7863662214285705,51.73,51.69
2025-02-18 02:15:00,,12303314.0,,,
2025-02-18 08:00:00,,12423991.0,,,
2025-02-18 13:45:00,,13911777.0,,,
2025-02-18 19:30:00,,16578139.0,,,
2025-02-19 00:00:00,448414.0,,1.7234151349206352,51.69,49.15
2025-02-19 01:15:00,,13071746.5,,,
2025-02-19 07:00:00,,21951396.5,,,
2025-02-19 12:45:00,,21954628.5,,,
2025-02-19 18:30:00,,29540493.5,,,
2025-02-20 00:00:00,480269.0,,1.6944884307692305,49.15,49.06
2025-02-20 00:15:00,,27979791.0,,,
2025-02-20 06:00:00,,31194746.5,,,
2025-02-20 11:45:00,,35086408.5,,,
2025-02-20 17:30:00,,39480675.0,,,
2025-02-20 23:15:00,,38462093.0,,,
2025-02-21 00:00:00,459716.0,,1.7013886279069765,49.06,48.71
2025-02-21 05:00:00,,44766281.0,,,
2025-02-21 10:45:00,,47639850.5,,,
2025-02-21 16:30:00,,55313644.5,,,
2025-02-21 22:15:00,,59963666.5,,,
2025-02-22 00:00:00,551692.0,,1.7502547697841715,48.71,48.6
2025-02-22 04:00:00,,61314459.0,,,
2025-02-22 09:45:00,,61660969.0,,,
2025-02-22 15:30:00,,63692621.5,,,
2025-02-22 21:15:00,,64026701.5,,,
2025-02-23 00:00:00,572669.0,,1.7325820232558142,48.6,48.47
2025-02-23 03:00:00,,67928000.0,,,
2025-02-23 08:45:00,,70973232.0,,,
2025-02-23 14:30:00,,79643066.5,,,
2025-02-23 20:15:00,,78938918.5,,,
2025-02-24 00:00:00,513905.0,,1.7080594230769228,48.47,47.07
2025-02-24 02:00:00,,80801587.0,,,
2025-02-24 07:45:00,,80085892.5,,,
2025-02-24 13:30:00,,79050923.5,,,
2025-02-24 19:15:00,,77537938.5,,,
2025-02-25 00:00:00,496836.0,,1.621320761904762,47.07,48.59
2025-02-25 01:00:00,,73141749.0,,,
2025-02-25 06:45:00,,74323266.5,,,
2025-02-25 12:30:00,,75835232.0,,,
2025-02-25 18:15:00,,79962774.0,,,
2025-02-26 00:00:00,403353.0,77509302.5,1.4706002420382172,48.59,51.3
2025-02-26 05:45:00,,76500850.5,,,
2025-02-26 11:30:00,,76393330.5,,,
2025-02-26 17:15:00,,77440069.5,,,
2025-02-26 23:00:00,,75574961.5,,,
2025-02-27 00:00:00,324986.0,,1.6030395466666667,51.3,51.68
2025-02-27 04:45:00,,69797332.5,,,
2025-02-27 10:30:00,,68107694.0,,,
2025-02-27 16:15:00,,67723284.0,,,
2025-02-27 22:00:00,,58906146.0,,,
2025-02-28 00:00:00,385972.0,,1.7122434679487166,51.68,50.76
2025-02-28 03:45:00,,43176033.5,,,
2025-02-28 09:30:00,,47363955.5,,,
2025-02-28 15:15:00,,49104495.5,,,
2025-02-28 21:00:00,,46668073.0,,,
2025-03-01 00:00:00,290715.0,,1.7538490347222229,50.76,51.87
2025-03-01 02:45:00,,45051760.0,,,
2025-03-01 08:30:00,,44774641.5,,,
2025-03-01 14:15:00,,49934804.0,,,
2025-03-01 20:00:00,,41343926.0,,,
2025-03-02 00:00:00,264705.0,,1.760054301587302,51.87,55.47
2025-03-02 01:45:00,,34769492.0,,,
2025-03-02 07:30:00,,37286302.5,,,
2025-03-02 13:15:00,,50035588.0,,,
2025-03-02 19:00:00,,52692387.5,,,
2025-03-03 00:00:00,374014.0,,1.7580227933333346,55.47,59.48
2025-03-03 00:45:00,,54664511.0,,,
2025-03-03 06:30:00,,43937784.0,,,
2025-03-03 12:15:00,,45286164.0,,,
2025-03-03 18:00:00,,51154377.0,,,
2025-03-03 23:45:00,,49274078.5,,,
2025-03-04 00:00:00,304573.0,,1.7642802123287673,59.48,62.07
2025-03-04 05:30:00,,53195469.0,,,
2025-03-04 11:15:00,,52481436.0,,,
2025-03-04 17:00:00,,56618244.0,,,
2025-03-04 22:45:00,,47552094.0,,,
2025-03-05 00:00:00,308999.0,,1.7938404402985075,62.07,57.6
2025-03-05 04:30:00,,47892428.0,,,
2025-03-05 10:15:00,,41574430.0,,,
2025-03-05 16:00:00,,51844823.5,,,
2025-03-05 21:45:00,,42047041.5,,,
2025-03-06 00:00:00,370176.0,,1.697800470588235,57.83,60.15
2025-03-06 03:30:00,,36851013.5,,,
2025-03-06 09:15:00,,28074042.0,,,
2025-03-06 15:00:00,,28345909.0,,,
2025-03-06 20:45:00,,27115783.5,,,
2025-03-07 00:00:00,313416.0,,1.555394605633804,60.15,54.32
2025-03-07 02:30:00,,19035333.5,,,
2025-03-07 08:15:00,,16589328.0,,,
2025-03-07 14:00:00,,19836638.0,,,
2025-03-07 19:45:00,,28639461.0,,,
2025-03-08 00:00:00,292310.0,,1.6419529854014598,54.32,52.66
2025-03-08 01:30:00,,26492005.5,,,
2025-03-08 07:15:00,,34241949.0,,,
2025-03-08 13:00:00,,26343253.0,,,
2025-03-08 18:45:00,,16948770.5,,,
2025-03-09 00:00:00,300205.0,,1.705446704402515,52.66,59.1
2025-03-09 00:30:00,,15359132.0,,,
2025-03-09 06:15:00,,9265194.5,,,
2025-03-09 12:00:00,,9168263.0,,,
2025-03-09 17:45:00,,1756357.5,,,
2025-03-09 23:30:00,,5705983.5,,,
2025-03-10 00:00:00,446011.0,,1.5978543246753247,59.1,59.57
2025-03-10 05:15:00,,10225274.0,,,
2025-03-10 11:00:00,,13356063.0,,,
2025-03-10 16:45:00,,13044478.0,,,
2025-03-10 22:30:00,,12276305.0,,,
2025-03-11 00:00:00,376561.0,,1.5727364637681163,59.57,59.9
2025-03-11 04:15:00,,10812241.5,,,
2025-03-11 10:00:00,,11976995.0,,,
2025-03-11 15:45:00,,16038465.0,,,
2025-03-11 21:30:00,,12101921.5,,,
2025-03-12 00:00:00,428663.0,,1.726359150326797,59.9,56.89
2025-03-12 03:15:00,,9137717.5,,,
2025-03-12 09:00:00,,6828974.5,,,
2025-03-12 14:45:00,,10018406.0,,,
2025-03-12 20:30:00,,9217504.5,,,
2025-03-13 00:00:00,532471.0,,1.6200962201257851,56.89,55.42
2025-03-13 02:15:00,,14031848.5,,,
2025-03-13 08:00:00,,12869702.5,,,
2025-03-13 13:45:00,,14336217.5,,,
2025-03-13 19:30:00,,18587981.0,,,
2025-03-14 00:00:00,438990.0,,1.6494194859154925,55.42,53.27
2025-03-14 01:15:00,,8027895.0,,,
2025-03-14 07:00:00,,17555578.5,,,
2025-03-14 12:45:00,,18315136.0,,,
2025-03-14 18:30:00,,18397928.0,,,
2025-03-15 00:00:00,473292.0,,1.6406870757575756,53.27,53.46
2025-03-15 00:15:00,,17845363.5,,,
2025-03-15 06:00:00,,18414699.0,,,
2025-03-15 11:45:00,,25415719.5,,,
2025-03-15 17:30:00,,27987095.0,,,
2025-03-15 23:15:00,,17958212.0,,,
2025-03-16 00:00:00,470976.0,,1.6477836965517243,53.46,55.27
2025-03-16 05:00:00,,19960297.0,,,
2025-03-16 10:45:00,,22334015.0,,,
2025-03-16 16:30:00,,23197681.0,,,
2025-03-16 22:15:00,,18746175.5,,,
2025-03-17 00:00:00,380340.0,,1.6479607999999997,55.27,52.86
2025-03-17 04:00:00,,20985008.0,,,
2025-03-17 09:45:00,,21930915.5,,,
2025-03-17 15:30:00,,28354369.5,,,
2025-03-17 21:15:00,,16807932.5,,,
2025-03-18 00:00:00,369062.0,,1.6019828450704228,52.86,52.0
2025-03-18 03:00:00,,14509653.0,,,
2025-03-18 08:45:00,,14013046.0,,,
2025-03-18 14:30:00,,12216222.5,,,
2025-03-18 20:15:00,,16773732.5,,,
2025-03-19 00:00:00,441471.0,,1.6076692697368422,52.0,54.02
2025-03-19 02:00:00,,8653258.5,,,
2025-03-19 07:45:00,,42932792.0,,,
2025-03-19 13:30:00,,39116738.0,,,
2025-03-19 19:15:00,,49461892.5,,,
2025-03-20 00:00:00,337795.0,,1.61552697887324,54.02,49.01
2025-03-20 01:00:00,,49766718.0,,,
2025-03-20 06:45:00,,43458247.5,,,
2025-03-20 12:30:00,,41906086.5,,,
2025-03-20 18:15:00,,48568629.5,,,
2025-03-21 00:00:00,321070.0,43310081.0,1.6531231517241376,49.01,47.56
2025-03-21 05:45:00,,46908673.0,,,
2025-03-21 11:30:00,,37077817.0,,,
2025-03-21 17:15:00,,39608552.0,,,
2025-03-21 23:00:00,,29522389.0,,,
2025-03-22 00:00:00,413714.0,,1.6760423133333333,47.56,48.88
2025-03-22 04:45:00,,19597623.0,,,
2025-03-22 10:30:00,,16996768.0,,,
2025-03-22 16:15:00,,18423355.0,,,
2025-03-22 22:00:00,,17017338.5,,,
2025-03-23 00:00:00,533634.0,,1.6527253269230766,48.88,47.66
2025-03-23 03:45:00,,16735972.5,,,
2025-03-23 09:30:00,,25107792.0,,,
2025-03-23 15:15:00,,32120214.0,,,
2025-03-23 21:00:00,,31225678.5,,,
2025-03-24 00:00:00,483516.0,,1.6105560324675319,47.66,47.32
2025-03-24 02:45:00,,21287787.5,,,
2025-03-24 08:30:00,,24984262.0,,,
2025-03-24 14:15:00,,31920973.0,,,
2025-03-24 20:00:00,,36257534.0,,,
2025-03-25 00:00:00,505690.0,,1.5333439395973156,47.32,46.99
2025-03-25 01:45:00,,30115535.5,,,
2025-03-25 07:30:00,,30128453.0,,,
2025-03-25 13:15:00,,32493306.0,,,
2025-03-25 19:00:00,,28605016.5,,,
2025-03-26 00:00:00,514928.0,,1.6199100394736845,46.99,47.27
2025-03-26 00:45:00,,26833314.5,,,
2025-03-26 06:30:00,,23849111.0,,,
2025-03-26 12:15:00,,24953878.5,,,
2025-03-26 18:00:00,,31538361.0,,,
2025-03-26 23:45:00,,25121450.5,,,
2025-03-27 00:00:00,437296.0,,1.626665175675675,47.27,46.61
2025-03-27 05:30:00,,27409960.0,,,
2025-03-27 11:15:00,,26618130.5,,,
2025-03-27 17:00:00,,22548340.5,,,
2025-03-27 22:45:00,,23207062.5,,,
2025-03-28 00:00:00,397476.0,,1.5566065454545461,46.61,49.93
2025-03-28 04:30:00,,22102608.0,,,
2025-03-28 10:15:00,,29360191.0,,,
2025-03-28 16:00:00,,28931660.5,,,
2025-03-28 21:45:00,,24650128.5,,,
2025-03-29 00:00:00,289978.0,,1.6424288297872336,49.93,52.69
2025-03-29 03:30:00,,21010227.0,,,
2025-03-29 09:15:00,,21128990.0,,,
2025-03-29 15:00:00,,27893387.5,,,
2025-03-29 20:45:00,,17186615.5,,,
2025-03-30 00:00:00,305053.0,,1.5574983722627729,52.69,53.73
2025-03-30 02:30:00,,15878982.0,,,
2025-03-30 08:15:00,,7394771.0,,,
2025-03-30 14:00:00,,4967127.5,,,
2025-03-30 19:45:00,,528178.0,,,
2025-03-31 00:00:00,318090.0,,1.4814420405405406,53.73,51.02
2025-03-31 01:30:00,,381393.0,,,
2025-03-31 07:15:00,,1205284.5,,,
2025-03-31 13:00:00,,5263493.5,,,
2025-03-31 18:45:00,,3174649.5,,,
2025-04-01 00:00:00,356137.0,,1.5721514814814819,49.67,49.55
2025-04-01 00:30:00,,747621.0,,,
2025-04-01 06:15:00,,2279818.5,,,
2025-04-01 12:00:00,,741259.0,,,
2025-04-01 17:45:00,,3176919.5,,,
2025-04-01 23:30:00,,3086505.5,,,
2025-04-02 00:00:00,398854.0,,1.348659918604651,49.55,52.61
2025-04-02 05:15:00,,2591518.0,,,
2025-04-02 11:00:00,,4683907.5,,,
2025-04-02 16:45:00,,1074612.0,,,
2025-04-02 22:30:00,,488081.5,,,
2025-04-03 00:00:00,391874.0,,1.585139506578947,52.61,52.64
2025-04-03 04:15:00,,1737950.0,,,
2025-04-03 10:00:00,,2526576.5,,,
2025-04-03 15:45:00,,4227476.0,,,
2025-04-03 21:30:00,,3895054.0,,,
2025-04-04 00:00:00,429700.0,,1.4103609666666665,52.64,55.33
2025-04-04 03:15:00,,2002946.5,,,
2025-04-04 09:00:00,,815893.5,,,
2025-04-04 14:45:00,,519989.5,,,
2025-04-04 20:30:00,,7397135.0,,,
2025-04-05 00:00:00,293341.0,,1.1343801219512197,55.33,57.1
2025-04-05 02:15:00,,1001454.0,,,
2025-04-05 08:00:00,,909380.5,,,
2025-04-05 13:45:00,,354515.0,,,
2025-04-05 19:30:00,,4327195.0,,,
2025-04-06 00:00:00,279322.0,,1.313209200000001,57.1,59.59
2025-04-06 01:15:00,,6504293.5,,,
2025-04-06 07:00:00,,3309234.5,,,
2025-04-06 12:45:00,,1918047.5,,,
2025-04-06 18:30:00,,1193901.5,,,
2025-04-07 00:00:00,309191.0,,1.4500031862068958,59.59,52.79
2025-04-07 00:15:00,,849209.0,,,
2025-04-07 06:00:00,,2601284.0,,,
2025-04-07 11:45:00,,2593720.0,,,
2025-04-07 17:30:00,,6139736.5,,,
2025-04-07 23:15:00,,425469.5,,,
2025-04-08 00:00:00,363782.0,,1.2999018235294117,52.79,56.84
2025-04-08 05:00:00,,1843690.0,,,
2025-04-08 10:45:00,,1241857.0,,,
2025-04-08 16:30:00,,4681157.0,,,
2025-04-08 22:15:00,,840949.5,,,
2025-04-09 00:00:00,317126.0,,1.3897951374045805,56.84,53.04
2025-04-09 04:00:00,,2429974.0,,,
2025-04-09 09:45:00,,379438.5,,,
2025-04-09 15:30:00,,1935523.0,,,
2025-04-09 21:15:00,,344822.5,,,
2025-04-10 00:00:00,322286.0,,1.3503154861111113,53.04,53.56
2025-04-10 03:00:00,,245745.0,,,
2025-04-10 08:45:00,,850376.0,,,
2025-04-10 14:30:00,,507349.5,,,
2025-04-10 20:15:00,,5152695.0,,,
2025-04-11 00:00:00,404846.0,,1.4232085135135133,53.56,56.15
2025-04-11 02:00:00,,1654986.0,,,
2025-04-11 07:45:00,,1687638.0,,,
2025-04-11 13:30:00,,2118046.0,,,
2025-04-11 19:15:00,,2387891.0,,,
2025-04-12 00:00:00,409366.0,,1.4251067361111105,56.15,57.45
2025-04-12 01:00:00,,456843.5,,,
2025-04-12 06:45:00,,2273637.0,,,
2025-04-12 12:30:00,,2803311.0,,,
2025-04-12 18:15:00,,2172632.5,,,
2025-04-13 00:00:00,455003.0,1198849.5,1.3317095174418605,57.45,56.29
2025-04-13 05:45:00,,2902862.0,,,
2025-04-13 11:30:00,,409290.0,,,
2025-04-13 17:15:00,,2918607.5,,,
2025-04-13 23:00:00,,1123964.5,,,
2025-04-14 00:00:00,441535.0,,1.4915851073825501,56.29,53.31
2025-04-14 04:45:00,,6044745.0,,,
2025-04-14 10:30:00,,4342677.0,,,
2025-04-14 16:15:00,,3178478.0,,,
2025-04-14 22:00:00,,465224.5,,,
2025-04-15 00:00:00,442754.0,,1.509216645833333,52.02,50.39
2025-04-15 03:45:00,,509476.5,,,
2025-04-15 09:30:00,,3410782.0,,,
2025-04-15 15:15:00,,4660297.0,,,
2025-04-15 21:00:00,,5911431.0,,,
2025-04-16 00:00:00,506945.0,,1.621543689189189,50.39,49.58
2025-04-16 02:45:00,,6164463.5,,,
2025-04-16 08:30:00,,4460308.5,,,
2025-04-16 14:15:00,,7481815.0,,,
2025-04-16 20:00:00,,2051869.5,,,
2025-04-17 00:00:00,557004.0,,1.6875147777777777,49.58,48.41
2025-04-17 01:45:00,,2679824.0,,,
2025-04-17 07:30:00,,3196692.0,,,
2025-04-17 13:15:00,,4984853.0,,,
2025-04-17 19:00:00,,5827751.0,,,
2025-04-18 00:00:00,508567.0,,1.6653093676470596,48.41,46.9
2025-04-18 00:45:00,,3940306.0,,,
2025-04-18 06:30:00,,5451142.5,,,
2025-04-18 12:15:00,,4800456.5,,,
2025-04-18 18:00:00,,7189945.0,,,
2025-04-18 23:45:00,,7104244.5,,,
2025-04-19 00:00:00,544933.0,,1.6493560287769784,46.9,48.29
2025-04-19 05:30:00,,12978796.0,,,
2025-04-19 11:15:00,,14588517.5,,,
2025-04-19 17:00:00,,14972657.0,,,
2025-04-19 22:45:00,,18633014.0,,,
2025-04-20 00:00:00,468623.0,,1.6637433658536578,48.3,48.2
2025-04-20 04:30:00,,18591607.0,,,
2025-04-20 10:15:00,,19797025.5,,,
2025-04-20 16:00:00,,15333735.0,,,
2025-04-20 21:45:00,,11503648.0,,,
2025-04-21 00:00:00,444815.0,,1.6515207380952381,48.2,49.16
2025-04-21 03:30:00,,15244586.0,,,
2025-04-21 09:15:00,,11054297.5,,,
2025-04-21 15:00:00,,13382415.5,,,
2025-04-21 20:45:00,,11564579.0,,,
2025-04-22 00:00:00,518085.0,,1.7016848,49.16,52.69
2025-04-22 02:30:00,,10869396.5,,,
2025-04-22 08:15:00,,15764350.0,,,
2025-04-22 14:00:00,,12796425.0,,,
2025-04-22 19:45:00,,13841347.5,,,
2025-04-23 00:00:00,418013.0,,1.5722158771929824,52.69,49.42
2025-04-23 01:30:00,,7167742.0,,,
2025-04-23 07:15:00,,12185603.0,,,
2025-04-23 13:00:00,,17680158.5,,,
2025-04-23 18:45:00,,26344156.5,,,
2025-04-24 00:00:00,464579.0,,1.6355802695035464,49.42,46.96
2025-04-24 00:30:00,,20609669.5,,,
2025-04-24 06:15:00,,17958367.5,,,
2025-04-24 12:00:00,,22754937.0,,,
2025-04-24 17:45:00,,17529921.0,,,
2025-04-24 23:30:00,,8100854.5,,,
2025-04-25 00:00:00,392219.0,,1.7315263819444444,46.96,46.45
2025-04-25 05:15:00,,19812217.0,,,
2025-04-25 11:00:00,,19291295.5,,,
2025-04-25 16:45:00,,25900005.5,,,
2025-04-25 22:30:00,,18218261.5,,,
2025-04-26 00:00:00,321218.0,,1.8938662781954885,46.45,47.42
2025-04-26 04:15:00,,6472869.5,,,
2025-04-26 10:00:00,,2169573.5,,,
2025-04-26 15:45:00,,7857009.0,,,
2025-04-26 21:30:00,,4972504.5,,,
2025-04-27 00:00:00,441684.0,,1.603343444444444,47.42,48.12
2025-04-27 03:15:00,,7999510.5,,,
2025-04-27 09:00:00,,5965074.5,,,
2025-04-27 14:45:00,,7570304.5,,,
2025-04-27 20:30:00,,7660313.5,,,
2025-04-28 00:00:00,409570.0,,1.6737808226950353,48.12,47.05
2025-04-28 02:15:00,,8085305.5,,,
2025-04-28 08:00:00,,10361163.5,,,
2025-04-28 13:45:00,,13542780.0,,,
2025-04-28 19:30:00,,10576819.0,,,
2025-04-29 00:00:00,467541.0,,1.6012471027397268,47.05,46.17
2025-04-29 01:15:00,,9400119.0,,,
2025-04-29 07:00:00,,5924564.5,,,
2025-04-29 12:45:00,,8568710.5,,,
2025-04-29 18:30:00,,17470458.0,,,
2025-04-30 00:00:00,350545.0,,1.581549507575757,46.17,45.07
2025-04-30 00:15:00,,19598530.0,,,
2025-04-30 06:00:00,,23969017.5,,,
2025-04-30 11:45:00,,18559598.0,,,
2025-04-30 17:30:00,,25332963.0,,,
2025-04-30 23:15:00,,19711983.0,,,
2025-05-01 00:00:00,330999.0,,1.6676638592592596,45.07,46.11
2025-05-01 05:00:00,,18181674.5,,,
2025-05-01 10:45:00,,18073735.5,,,
2025-05-01 16:30:00,,24476910.5,,,
2025-05-01 22:15:00,,18148120.5,,,
2025-05-02 00:00:00,379082.0,,1.6573263081761007,46.11,44.54
2025-05-02 04:00:00,,13950167.0,,,
2025-05-02 09:45:00,,13114261.0,,,
2025-05-02 15:30:00,,12162590.0,,,
2025-05-02 21:15:00,,11104440.0,,,
2025-05-03 00:00:00,389545.0,,1.6710641097560985,44.54,44.9
2025-05-03 03:00:00,,5211806.5,,,
2025-05-03 08:45:00,,515856.5,,,
2025-05-03 14:30:00,,1546810.5,,,
2025-05-03 20:15:00,,2320521.5,,,
2025-05-04 00:00:00,347821.0,,1.8913832446043173,44.9,46.35
2025-05-04 02:00:00,,3612504.0,,,
2025-05-04 07:45:00,,5002713.0,,,
2025-05-04 13:30:00,,543780.0,,,
2025-05-04 19:15:00,,2939251.5,,,
2025-05-05 00:00:00,402074.0,,1.4848936514285707,46.35,45.0
2025-05-05 01:00:00,,188213.0,,,
2025-05-05 06:45:00,,2362501.0,,,
2025-05-05 12:30:00,,1503423.0,,,
2025-05-05 18:15:00,,5321008.5,,,
2025-05-06 00:00:00,332019.0,5317712.0,1.6543183550724647,45.0,46.66
2025-05-06 05:45:00,,3925268.0,,,
2025-05-06 11:30:00,,2855184.0,,,
2025-05-06 17:15:00,,8876805.0,,,
2025-05-06 23:00:00,,7641864.5,,,
2025-05-07 00:00:00,342796.0,,1.6128247549668875,46.66,44.8
2025-05-07 04:45:00,,5881684.5,,,
2025-05-07 10:30:00,,6433990.0,,,
2025-05-07 16:15:00,,8945286.0,,,
2025-05-07 22:00:00,,7170981.0,,,
2025-05-08 00:00:00,373583.0,,1.6702169056603768,44.8,45.88
2025-05-08 03:45:00,,5051344.5,,,
2025-05-08 09:30:00,,7456494.0,,,
2025-05-08 15:15:00,,6961207.0,,,
2025-05-08 21:00:00,,11529030.5,,,
2025-05-09 00:00:00,334315.0,,1.538478228571429,45.88,45.78
2025-05-09 02:45:00,,7961420.0,,,
2025-05-09 08:30:00,,14755619.5,,,
2025-05-09 14:15:00,,19681082.0,,,
2025-05-09 20:00:00,,21380556.0,,,
2025-05-10 00:00:00,330864.0,,1.9174952266666658,45.78,47.13
2025-05-10 01:45:00,,11071476.0,,,
2025-05-10 07:30:00,,3042681.0,,,
2025-05-10 13:15:00,,2299565.0,,,
2025-05-10 19:00:00,,1819917.5,,,
2025-05-11 00:00:00,281544.0,,1.5390386979865778,47.13,47.13
2025-05-11 00:45:00,,2392253.0,,,
2025-05-11 06:30:00,,5489873.0,,,
2025-05-11 12:15:00,,3029854.0,,,
2025-05-11 18:00:00,,1762153.0,,,
2025-05-11 23:45:00,,404202.0,,,
2025-05-12 00:00:00,378080.0,,1.6455296482758621,47.13,45.44
2025-05-12 05:30:00,,6987397.5,,,
2025-05-12 11:15:00,,4637600.5,,,
2025-05-12 17:00:00,,6359603.5,,,
2025-05-12 22:45:00,,906605.5,,,
2025-05-13 00:00:00,295569.0,,1.5784312230769235,44.83,45.71
2025-05-13 04:30:00,,773683.5,,,
2025-05-13 10:15:00,,5576143.5,,,
2025-05-13 16:00:00,,4563920.0,,,
2025-05-13 21:45:00,,17090760.5,,,
2025-05-14 00:00:00,326629.0,,1.7275102152777775,45.71,44.79
2025-05-14 03:30:00,,6364538.5,,,
2025-05-14 09:15:00,,12561976.0,,,
2025-05-14 15:00:00,,14047545.5,,,
2025-05-14 20:45:00,,12475946.5,,,
2025-05-15 00:00:00,373956.0,,1.6858888972602746,44.79,43.57
2025-05-15 02:30:00,,2035560.5,,,
2025-05-15 08:15:00,,6733863.5,,,
2025-05-15 14:00:00,,1792352.0,,,
2025-05-15 19:45:00,,8031146.5,,,
2025-05-16 00:00:00,363602.0,,1.6120485000000007,43.57,42.62
2025-05-16 01:30:00,,933688.0,,,
2025-05-16 07:15:00,,3450004.0,,,
2025-05-16 13:00:00,,11753022.0,,,
2025-05-16 18:45:00,,27474489.5,,,
2025-05-17 00:00:00,291640.0,,1.4959012657342654,42.62,43.13
2025-05-17 00:30:00,,21251131.0,,,
2025-05-17 06:15:00,,11203689.0,,,
2025-05-17 12:00:00,,3192904.0,,,
2025-05-17 17:45:00,,8529752.0,,,
2025-05-17 23:30:00,,2799258.5,,,
2025-05-18 00:00:00,629125.0,,1.5649339629629633,43.13,44.93
2025-05-18 05:15:00,,452656.5,,,
2025-05-18 11:00:00,,9696741.0,,,
2025-05-18 16:45:00,,14339855.5,,,
2025-05-18 22:30:00,,11688897.0,,,
2025-05-19 00:00:00,585664.0,,1.5391844822695036,44.93,44.02
2025-05-19 04:15:00,,14229775.5,,,
2025-05-19 10:00:00,,16613202.0,,,
2025-05-19 15:45:00,,18820926.0,,,
2025-05-19 21:30:00,,16952078.5,,,
2025-05-20 00:00:00,569524.0,,1.539952425675676,44.02,47.3
2025-05-20 03:15:00,,21880561.0,,,
2025-05-20 09:00:00,,23876061.0,,,
2025-05-20 14:45:00,,19404432.0,,,
2025-05-20 20:30:00,,10851581.5,,,
2025-05-21 00:00:00,421952.0,,1.7006174027777776,47.3,49.13
2025-05-21 02:15:00,,5533302.0,,,
2025-05-21 08:00:00,,8387241.5,,,
2025-05-21 13:45:00,,5064359.0,,,
2025-05-21 19:30:00,,4237387.0,,,
2025-05-22 00:00:00,467521.0,,1.6638796266666678,49.13,49.0
2025-05-22 01:15:00,,819170.0,,,
2025-05-22 07:00:00,,7570580.0,,,
2025-05-22 12:45:00,,12177917.5,,,
2025-05-22 18:30:00,,14514110.0,,,
2025-05-23 00:00:00,444371.0,,1.8816288580645164,49.0,47.68
2025-05-23 00:15:00,,11268279.5,,,
2025-05-23 06:00:00,,12309978.0,,,
2025-05-23 11:45:00,,14821793.5,,,
2025-05-23 17:30:00,,14532137.5,,,
2025-05-23 23:15:00,,7588797.0,,,
2025-05-24 00:00:00,395195.0,,1.917446106382979,47.68,47.53
2025-05-24 05:00:00,,6503805.0,,,
2025-05-24 10:45:00,,3190213.5,,,
2025-05-24 16:30:00,,6884104.0,,,
2025-05-24 22:15:00,,2989040.5,,,
2025-05-25 00:00:00,356161.0,,1.4524477152317878,47.53,48.96
2025-05-25 04:00:00,,1524453.0,,,
2025-05-25 09:45:00,,1553455.5,,,
2025-05-25 15:30:00,,1422044.0,,,
2025-05-25 21:15:00,,445201.5,,,
2025-05-26 00:00:00,358114.0,,1.464100849673203,48.97,47.13
2025-05-26 03:00:00,,2625727.0,,,
2025-05-26 08:45:00,,1319613.0,,,
2025-05-26 14:30:00,,5819890.0,,,
2025-05-26 20:15:00,,5004570.5,,,
2025-05-27 00:00:00,422766.0,,1.3929357943262408,47.13,46.16
2025-05-27 02:00:00,,1326497.5,,,
2025-05-27 07:45:00,,2707072.0,,,
2025-05-27 13:30:00,,6844928.0,,,
2025-05-27 19:15:00,,9343258.0,,,
2025-05-28 00:00:00,540914.0,,1.576744341463415,46.16,45.24
2025-05-28 01:00:00,,9685200.0,,,
2025-05-28 06:45:00,,2009352.0,,,
2025-05-28 12:30:00,,862639.0,,,
2025-05-28 18:15:00,,5170534.5,,,
2025-05-29 00:00:00,382670.0,3475633.0,1.4227337987421385,45.24,44.61
2025-05-29 05:45:00,,4089218.0,,,
2025-05-29 11:30:00,,1406597.0,,,
2025-05-29 17:15:00,,7865259.0,,,
2025-05-29 23:00:00,,418191.5,,,
2025-05-30 00:00:00,396042.0,,1.4189764967741936,44.61,43.71
2025-05-30 04:45:00,,603803.0,,,
2025-05-30 10:30:00,,444447.5,,,
2025-05-30 16:15:00,,5564005.5,,,
2025-05-30 22:00:00,,5864791.5,,,
2025-05-31 00:00:00,299239.0,,1.065115192546584,43.72,45.88
2025-05-31 03:45:00,,334952.0,,,
2025-05-31 09:30:00,,1009505.5,,,
2025-05-31 15:15:00,,750278.0,,,
2025-05-31 21:00:00,,483455.0,,,
2025-06-01 00:00:00,255918.0,,1.2727644962406015,45.88,45.13
2025-06-01 02:45:00,,1527608.0,,,
2025-06-01 08:30:00,,4662529.5,,,
2025-06-01 14:15:00,,403234.5,,,
2025-06-01 20:00:00,,1764902.5,,,
2025-06-02 00:00:00,346300.0,,1.4465421578947368,45.13,42.97
2025-06-02 01:45:00,,1498641.5,,,
2025-06-02 07:30:00,,4085019.5,,,
2025-06-02 13:15:00,,3683259.0,,,
2025-06-02 19:00:00,,1717218.5,,,
2025-06-03 00:00:00,358691.0,,1.8001074236111114,42.97,42.83
2025-06-03 00:45:00,,516256.0,,,
2025-06-03 06:30:00,,6910668.5,,,
2025-06-03 12:15:00,,6773752.5,,,
2025-06-03 18:00:00,,4685049.5,,,
2025-06-03 23:45:00,,4077689.0,,,
2025-06-04 00:00:00,336841.0,,1.6676330793650795,42.83,42.18
2025-06-04 05:30:00,,635312.5,,,
2025-06-04 11:15:00,,1289764.5,,,
2025-06-04 17:00:00,,5965557.0,,,
2025-06-04 22:45:00,,2675928.0,,,
2025-06-05 00:00:00,320312.0,,1.3599081119402985,42.18,42.76
2025-06-05 04:30:00,,1431278.5,,,
2025-06-05 10:15:00,,2547007.0,,,
2025-06-05 16:00:00,,1755635.0,,,
2025-06-05 21:45:00,,1166479.5,,,
2025-06-06 00:00:00,298463.0,,1.5769285895522394,42.76,40.53
2025-06-06 03:30:00,,543123.5,,,
2025-06-06 09:15:00,,4076446.0,,,
2025-06-06 15:00:00,,4275309.5,,,
2025-06-06 20:45:00,,4672679.0,,,
2025-06-07 00:00:00,290568.0,,1.1750631118881123,40.53,41.99
2025-06-07 02:30:00,,537090.0,,,
2025-06-07 08:15:00,,1714573.5,,,
2025-06-07 14:00:00,,1247201.5,,,
2025-06-07 19:45:00,,4674878.5,,,
2025-06-08 00:00:00,307344.0,,1.3304664183006538,41.99,42.52
2025-06-08 01:30:00,,422946.5,,,
2025-06-08 07:15:00,,4214429.5,,,
2025-06-08 13:00:00,,3320712.0,,,
2025-06-08 18:45:00,,2915828.5,,,
2025-06-09 00:00:00,361082.0,,1.3634722714285716,42.52,42.61
2025-06-09 00:30:00,,3498396.0,,,
2025-06-09 06:15:00,,1513863.5,,,
2025-06-09 12:00:00,,1535506.5,,,
2025-06-09 17:45:00,,3054682.5,,,
2025-06-09 23:30:00,,7981856.5,,,
2025-06-10 00:00:00,428590.0,,1.427166207100591,41.89,42.51
2025-06-10 05:15:00,,1162958.0,,,
2025-06-10 11:00:00,,5709157.0,,,
2025-06-10 16:45:00,,9983329.5,,,
2025-06-10 22:30:00,,559509.5,,,
2025-06-11 00:00:00,347062.0,,1.5753783971631203,42.51,40.95
2025-06-11 04:15:00,,464953.0,,,
2025-06-11 10:00:00,,6046546.0,,,
2025-06-11 15:45:00,,3003345.5,,,
2025-06-11 21:30:00,,2675471.0,,,
2025-06-12 00:00:00,425223.0,,1.4945084324324327,40.95,39.77
2025-06-12 03:15:00,,5912926.0,,,
2025-06-12 09:00:00,,1625865.0,,,
2025-06-12 14:45:00,,5756379.5,,,
2025-06-12 20:30:00,,5349567.5,,,
2025-06-13 00:00:00,351313.0,,1.4265965517241375,39.77,40.72
2025-06-13 02:15:00,,3228262.0,,,
2025-06-13 08:00:00,,3574302.5,,,
2025-06-13 13:45:00,,5058373.5,,,
2025-06-13 19:30:00,,5129174.0,,,
2025-06-14 00:00:00,273694.0,,1.1009524701986757,40.72,41.0
2025-06-14 01:15:00,,2083675.5,,,
2025-06-14 07:00:00,,234221.0,,,
2025-06-14 12:45:00,,372221.5,,,
2025-06-14 18:30:00,,2365672.0,,,
2025-06-15 00:00:00,281621.0,,1.143612360294118,41.0,42.32
2025-06-15 00:15:00,,1339484.5,,,
2025-06-15 06:00:00,,1302729.5,,,
2025-06-15 11:45:00,,432050.5,,,
2025-06-15 17:30:00,,1785177.5,,,
2025-06-15 23:15:00,,394499.0,,,
2025-06-16 00:00:00,360902.0,,1.2807492602739727,42.32,41.73
2025-06-16 05:00:00,,1031975.0,,,
2025-06-16 10:45:00,,453688.5,,,
2025-06-16 16:30:00,,5689157.0,,,
2025-06-16 22:15:00,,5809288.5,,,
2025-06-17 00:00:00,354369.0,,1.513460457627119,41.73,41.62
2025-06-17 04:00:00,,6951753.5,,,
2025-06-17 09:45:00,,3763153.5,,,
2025-06-17 15:30:00,,11469657.5,,,
2025-06-17 21:15:00,,8403192.0,,,
2025-06-18 00:00:00,441174.0,,1.5107156071428576,41.62,39.69
2025-06-18 03:00:00,,3745812.0,,,
2025-06-18 08:45:00,,3945716.5,,,
2025-06-18 14:30:00,,2029169.5,,,
2025-06-18 20:15:00,,1590318.5,,,
2025-06-19 00:00:00,308175.0,,1.5800727795275595,39.69,40.21
2025-06-19 02:00:00,,1323189.0,,,
2025-06-19 07:45:00,,4922375.0,,,
2025-06-19 13:30:00,,723872.5,,,
2025-06-19 19:15:00,,12003522.0,,,
2025-06-20 00:00:00,353302.0,,1.4394211456953645,40.21,40.67
2025-06-20 01:00:00,,4354510.5,,,
2025-06-20 06:45:00,,1215511.5,,,
2025-06-20 12:30:00,,4340431.0,,,
2025-06-20 18:15:00,,7084814.0,,,
2025-06-21 00:00:00,309470.0,2993351.5,1.3109816028368797,40.67,41.01
2025-06-21 05:45:00,,511846.0,,,
2025-06-21 11:30:00,,1045704.5,,,
2025-06-21 17:15:00,,3822354.0,,,
2025-06-21 23:00:00,,2956519.0,,,
2025-06-22 00:00:00,265236.0,,1.4165525140186914,41.01,41.75
2025-06-22 04:45:00,,2185030.0,,,
2025-06-22 10:30:00,,2291659.0,,,
2025-06-22 16:15:00,,2616920.0,,,
2025-06-22 22:00:00,,262069.5,,,
2025-06-23 00:00:00,290473.0,,1.4573127757009348,41.75,39.86
2025-06-23 03:45:00,,1368628.0,,,
2025-06-23 09:30:00,,4492045.0,,,
2025-06-23 15:15:00,,8014383.0,,,
2025-06-23 21:00:00,,17444893.5,,,
2025-06-24 00:00:00,278954.0,,1.4779475299145297,39.87,39.05
2025-06-24 02:45:00,,18434911.5,,,
2025-06-24 08:30:00,,13191459.0,,,
2025-06-24 14:15:00,,9956689.0,,,
2025-06-24 20:00:00,,15741565.0,,,
2025-06-25 00:00:00,387755.0,,1.5909058741258748,39.04,38.4
2025-06-25 01:45:00,,9024608.5,,,
2025-06-25 07:30:00,,5868224.5,,,
2025-06-25 13:15:00,,7049198.0,,,
2025-06-25 19:00:00,,5564427.0,,,
2025-06-26 00:00:00,504180.0,,1.5343019426751594,38.4,38.25
2025-06-26 00:45:00,,6400148.0,,,
2025-06-26 06:30:00,,5786642.0,,,
2025-06-26 12:15:00,,11825712.0,,,
2025-06-26 18:00:00,,13048211.0,,,
2025-06-26 23:45:00,,13913711.5,,,
2025-06-27 00:00:00,335253.0,,1.5837053130434784,38.25,38.1
2025-06-27 05:30:00,,14048295.0,,,
2025-06-27 11:15:00,,15616050.0,,,
2025-06-27 17:00:00,,15413958.5,,,
2025-06-27 22:45:00,,14205345.5,,,
2025-06-28 00:00:00,388808.0,,1.7144309241379314,38.1,37.71
2025-06-28 04:30:00,,11103709.0,,,
2025-06-28 10:15:00,,2973208.0,,,
2025-06-28 16:00:00,,3966576.0,,,
2025-06-28 21:45:00,,4334932.5,,,
2025-06-29 00:00:00,380468.0,,1.3041026331360948,37.71,39.34
2025-06-29 03:30:00,,736107.0,,,
2025-06-29 09:15:00,,2206285.0,,,
2025-06-29 15:00:00,,2201934.5,,,
2025-06-29 20:45:00,,147057.0,,,
2025-06-30 00:00:00,339091.0,,1.3772262551724137,39.34,37.74
2025-06-30 02:30:00,,1334052.5,,,
2025-06-30 08:15:00,,2519652.5,,,
2025-06-30 14:00:00,,1872827.5,,,
2025-06-30 19:45:00,,3160124.5,,,
2025-07-01 00:00:00,325422.0,,1.4705840149253733,37.14,37.61
2025-07-01 01:30:00,,2512311.5,,,
2025-07-01 07:15:00,,2170600.0,,,
2025-07-01 13:00:00,,3125885.5,,,
2025-07-01 18:45:00,,3539462.5,,,
2025-07-02 00:00:00,365948.0,,1.3721758169934641,37.61,39.6
2025-07-02 00:30:00,,3508616.5,,,
2025-07-02 06:15:00,,1560433.5,,,
2025-07-02 12:00:00,,1556531.5,,,
2025-07-02 17:45:00,,2035518.0,,,
2025-07-02 23:30:00,,497401.5,,,
2025-07-03 00:00:00,360871.0,,1.4948868476821198,39.6,39.08
2025-07-03 05:15:00,,7454712.5,,,
2025-07-03 11:00:00,,2989559.5,,,
2025-07-03 16:45:00,,2478982.0,,,
2025-07-03 22:30:00,,3007915.0,,,
2025-07-04 00:00:00,366706.0,,1.2749897798742136,39.08,39.21
2025-07-04 04:15:00,,544678.0,,,
2025-07-04 10:00:00,,1266044.5,,,
2025-07-04 15:45:00,,237308.0,,,
2025-07-04 21:30:00,,530432.0,,,
2025-07-05 00:00:00,427319.0,,1.3059606496815293,39.21,38.54
2025-07-05 03:15:00,,823081.0,,,
2025-07-05 09:00:00,,1769625.0,,,
2025-07-05 14:45:00,,6149458.5,,,
2025-07-05 20:30:00,,4640163.0,,,
2025-07-06 00:00:00,506259.0,,1.5143049562499993,38.54,38.98
2025-07-06 02:15:00,,4220487.0,,,
2025-07-06 08:00:00,,6679121.5,,,
2025-07-06 13:45:00,,1038253.0,,,
2025-07-06 19:30:00,,1042071.5,,,
2025-07-07 00:00:00,360185.0,,1.2630317350993379,38.98,38.71
2025-07-07 01:15:00,,223077.5,,,
2025-07-07 07:00:00,,425347.0,,,
2025-07-07 12:45:00,,1080021.5,,,
2025-07-07 18:30:00,,5435170.5,,,
2025-07-08 00:00:00,354570.0,,1.4735598521126756,38.71,37.77
2025-07-08 00:15:00,,9448071.5,,,
2025-07-08 06:00:00,,1254413.5,,,
2025-07-08 11:45:00,,478022.5,,,
2025-07-08 17:30:00,,2754002.5,,,
2025-07-08 23:15:00,,2099762.0,,,
2025-07-09 00:00:00,444539.0,,1.4577289695121955,37.77,38.77
2025-07-09 05:00:00,,641787.0,,,
2025-07-09 10:45:00,,2375607.5,,,
2025-07-09 16:30:00,,5699107.5,,,
2025-07-09 22:15:00,,1155695.5,,,
2025-07-10 00:00:00,446359.0,,1.4485132923976607,38.77,38.62
2025-07-10 04:00:00,,605649.0,,,
2025-07-10 09:45:00,,2309713.0,,,
2025-07-10 15:30:00,,1444110.0,,,
2025-07-10 21:15:00,,1338312.0,,,
2025-07-11 00:00:00,408533.0,,1.5242565666666668,38.62,37.94
2025-07-11 03:00:00,,261787.5,,,
2025-07-11 08:45:00,,2068239.5,,,
2025-07-11 14:30:00,,7349009.5,,,
2025-07-11 20:15:00,,599139.5,,,
2025-07-12 00:00:00,395585.0,,1.484081067114094,37.94,38.2
2025-07-12 02:00:00,,421124.5,,,
2025-07-12 07:45:00,,864648.5,,,
2025-07-12 13:30:00,,4931539.5,,,
2025-07-12 19:15:00,,4201629.0,,,
2025-07-13 00:00:00,399610.0,,1.4544767299270074,38.2,39.24
2025-07-13 01:00:00,,444506.0,,,
2025-07-13 06:45:00,,4810830.5,,,
2025-07-13 12:30:00,,1040703.5,,,
2025-07-13 18:15:00,,254088.5,,,
2025-07-14 00:00:00,457151.0,5858718.0,1.5741457931034482,39.24,39.64
2025-07-14 05:45:00,,1510323.5,,,
2025-07-14 11:30:00,,4066447.5,,,
2025-07-14 17:15:00,,3860450.0,,,
2025-07-14 23:00:00,,694101.5,,,
2025-07-15 00:00:00,418526.0,,1.4018699512195123,39.64,39.93
2025-07-15 04:45:00,,2127774.0,,,
2025-07-15 10:30:00,,370574.0,,,
2025-07-15 16:15:00,,3842587.0,,,
2025-07-15 22:00:00,,2026599.5,,,
2025-07-16 00:00:00,398996.0,,1.4413609541984735,39.93,39.07
2025-07-16 03:45:00,,175380.0,,,
2025-07-16 09:30:00,,1960186.5,,,
2025-07-16 15:15:00,,1100746.5,,,
2025-07-16 21:00:00,,7465314.5,,,
2025-07-17 00:00:00,433635.0,,1.5271593161764705,39.07,39.47
2025-07-17 02:45:00,,8864489.5,,,
2025-07-17 08:30:00,,639054.0,,,
2025-07-17 14:15:00,,3430811.5,,,
2025-07-17 20:00:00,,5161648.5,,,
2025-07-18 00:00:00,451933.0,,1.5629208194444435,39.47,38.6
2025-07-18 01:45:00,,1494076.5,,,
2025-07-18 07:30:00,,1937313.5,,,
2025-07-18 13:15:00,,351039.0,,,
2025-07-18 19:00:00,,1782293.0,,,
2025-07-19 00:00:00,425882.0,,1.4803667676056347,38.6,38.85
2025-07-19 00:45:00,,780033.5,,,
2025-07-19 06:30:00,,264776.0,,,
2025-07-19 12:15:00,,2681761.0,,,
2025-07-19 18:00:00,,5005457.5,,,
2025-07-19 23:45:00,,2570914.5,,,
2025-07-20 00:00:00,414741.0,,1.402411248322149,38.85,39.23
2025-07-20 05:30:00,,262245.5,,,
2025-07-20 11:15:00,,342281.5,,,
2025-07-20 17:00:00,,6248020.0,,,
2025-07-20 22:45:00,,331997.5,,,
2025-07-21 00:00:00,384225.0,,1.4526397866666667,39.23,39.28
2025-07-21 04:30:00,,257430.5,,,
2025-07-21 10:15:00,,1131879.0,,,
2025-07-21 16:00:00,,5789362.0,,,
2025-07-21 21:45:00,,1049542.5,,,
2025-07-22 00:00:00,421514.0,,1.4962275666666662,39.28,39.88
2025-07-22 03:30:00,,414186.0,,,
2025-07-22 09:15:00,,397365.0,,,
2025-07-22 15:00:00,,4330009.5,,,
2025-07-22 20:45:00,,6618736.5,,,
2025-07-23 00:00:00,366601.0,,1.5647273357142857,39.88,39.58
2025-07-23 02:30:00,,4370457.0,,,
2025-07-23 08:15:00,,1306352.0,,,
2025-07-23 14:00:00,,684079.5,,,
2025-07-23 19:45:00,,4969700.0,,,
2025-07-24 00:00:00,409544.0,,1.4783350680272112,39.58,40.22
2025-07-24 01:30:00,,170456.0,,,
2025-07-24 07:15:00,,1076860.0,,,
2025-07-24 13:00:00,,1729347.5,,,
2025-07-24 18:45:00,,9784775.5,,,
2025-07-25 00:00:00,427715.0,,1.6376127750000002,40.22,40.06
2025-07-25 00:30:00,,1599746.5,,,
2025-07-25 06:15:00,,488977.0,,,
2025-07-25 12:00:00,,1626832.0,,,
2025-07-25 17:45:00,,3382371.0,,,
2025-07-25 23:30:00,,636881.0,,,
2025-07-26 00:00:00,573106.0,,1.6977269738562095,40.06,38.95
2025-07-26 05:15:00,,4310454.0,,,
2025-07-26 11:00:00,,2380617.5,,,
2025-07-26 16:45:00,,1062196.5,,,
2025-07-26 22:30:00,,906866.0,,,
2025-07-27 00:00:00,472715.0,,1.6615273576642338,38.95,39.37
2025-07-27 04:15:00,,399612.5,,,
2025-07-27 10:00:00,,2044415.0,,,
2025-07-27 15:45:00,,404313.5,,,
2025-07-27 21:30:00,,1712337.5,,,
2025-07-28 00:00:00,502058.0,,1.6352495103448272,39.37,38.27
2025-07-28 03:15:00,,243966.0,,,
2025-07-28 09:00:00,,2307310.5,,,
2025-07-28 14:45:00,,2427079.5,,,
2025-07-28 20:30:00,,5570273.0,,,
2025-07-29 00:00:00,350750.0,,1.627100026785714,38.27,35.18
2025-07-29 02:15:00,,3283695.0,,,
2025-07-29 08:00:00,,3663648.0,,,
2025-07-29 13:45:00,,2103458.0,,,
2025-07-29 19:30:00,,3831705.0,,,
2025-07-30 00:00:00,423150.0,,1.5973911532846723,35.18,36.13
2025-07-30 01:15:00,,1014681.0,,,
2025-07-30 07:00:00,,2360095.0,,,
2025-07-30 12:45:00,,2615072.0,,,
2025-07-30 18:30:00,,2059623.5,,,
2025-07-31 00:00:00,485020.0,,1.620939720779221,36.13,36.73
2025-07-31 00:15:00,,2341599.5,,,
2025-07-31 06:00:00,,782561.5,,,
2025-07-31 11:45:00,,285424.0,,,
2025-07-31 17:30:00,,2239908.5,,,
2025-07-31 23:15:00,,839574.5,,,
2025-08-01 00:00:00,400198.0,,1.785556947019868,36.73,38.42
2025-08-01 05:00:00,,1923837.0,,,
2025-08-01 10:45:00,,2100140.5,,,
2025-08-01 16:30:00,,3306571.0,,,
2025-08-01 22:15:00,,2232429.5,,,
2025-08-02 00:00:00,309570.0,,2.2027598413793092,38.42,37.67
2025-08-02 04:00:00,,3730056.5,,,
2025-08-02 09:45:00,,2642341.0,,,
2025-08-02 15:30:00,,5681995.0,,,
2025-08-02 21:15:00,,23257911.0,,,
2025-08-03 00:00:00,283307.0,,2.0265893999999993,37.67,38.03
2025-08-03 03:00:00,,8423094.0,,,
2025-08-03 08:45:00,,1248985.0,,,
2025-08-03 14:30:00,,944067.0,,,
2025-08-03 20:15:00,,254967.0,,,
2025-08-04 00:00:00,443117.0,,1.5556630175438593,38.03,36.89
2025-08-04 02:00:00,,285778.0,,,
2025-08-04 07:45:00,,1123680.0,,,
2025-08-04 13:30:00,,1428019.5,,,
2025-08-04 19:15:00,,570863.0,,,
2025-08-05 00:00:00,411212.0,,1.6629389782608694,36.32,36.01
2025-08-05 01:00:00,,625809.0,,,
2025-08-05 06:45:00,,2932354.5,,,
2025-08-05 12:30:00,,939376.0,,,
2025-08-05 18:15:00,,537564.0,,,
2025-08-06 00:00:00,495904.0,401449.0,1.514203520833333,36.01,34.88
2025-08-06 05:45:00,,351753.0,,,
2025-08-06 11:30:00,,2029125.0,,,
2025-08-06 17:15:00,,5138701.0,,,
2025-08-06 23:00:00,,6442532.5,,,
2025-08-07 00:00:00,565015.0,,1.6189676583850936,34.88,35.66
2025-08-07 04:45:00,,3985659.0,,,
2025-08-07 10:30:00,,3284099.0,,,
2025-08-07 16:15:00,,2478492.5,,,
2025-08-07 22:00:00,,1535689.5,,,
2025-08-08 00:00:00,474587.0,,1.5396454379562043,35.66,34.4
2025-08-08 03:45:00,,760665.5,,,
2025-08-08 09:30:00,,3485069.0,,,
2025-08-08 15:15:00,,5634060.0,,,
2025-08-08 21:00:00,,5569760.5,,,
2025-08-09 00:00:00,375957.0,,1.6077733534482759,34.4,35.07
2025-08-09 02:45:00,,1847479.5,,,
2025-08-09 08:30:00,,4672496.5,,,
2025-08-09 14:15:00,,3327373.0,,,
2025-08-09 20:00:00,,3325069.5,,,
2025-08-10 00:00:00,400303.0,,1.6829896370370365,35.07,35.43
2025-08-10 01:45:00,,1266268.5,,,
2025-08-10 07:30:00,,1549708.0,,,
2025-08-10 13:15:00,,376594.5,,,
2025-08-10 19:00:00,,1559809.5,,,
2025-08-11 00:00:00,449427.0,,1.6608353741496606,35.43,36.56
2025-08-11 00:45:00,,844513.5,,,
2025-08-11 06:30:00,,234659.0,,,
2025-08-11 12:15:00,,4173199.5,,,
2025-08-11 18:00:00,,1198183.5,,,
2025-08-11 23:45:00,,1918879.0,,,
2025-08-12 00:00:00,366870.0,,1.5707825766423353,36.56,36.94
2025-08-12 05:30:00,,190306.0,,,
2025-08-12 11:15:00,,2055926.5,,,
2025-08-12 17:00:00,,2970613.5,,,
2025-08-12 22:45:00,,357362.5,,,
2025-08-13 00:00:00,440901.0,,1.5581197307692303,37.41,39.0
2025-08-13 04:30:00,,1440151.0,,,
2025-08-13 10:15:00,,241109.0,,,
2025-08-13 16:00:00,,3349719.0,,,
2025-08-13 21:45:00,,1647992.5,,,
2025-08-14 00:00:00,483882.0,,1.5879334382716048,39.0,36.95
2025-08-14 03:30:00,,1314719.0,,,
2025-08-14 09:15:00,,727469.0,,,
2025-08-14 15:00:00,,2349717.5,,,
2025-08-14 20:45:00,,4507926.5,,,
2025-08-15 00:00:00,430205.0,,1.5938138432835822,36.95,35.37
2025-08-15 02:30:00,,1894480.0,,,
2025-08-15 08:15:00,,442753.5,,,
2025-08-15 14:00:00,,3586880.5,,,
2025-08-15 19:45:00,,2184661.0,,,
2025-08-16 00:00:00,401541.0,,1.665970480263158,35.37,35.38
2025-08-16 01:30:00,,1475580.5,,,
2025-08-16 07:15:00,,807563.0,,,
2025-08-16 13:00:00,,1001334.0,,,
2025-08-16 18:45:00,,985728.0,,,
2025-08-17 00:00:00,440723.0,,1.5239586842105262,35.38,35.83
2025-08-17 00:30:00,,548154.5,,,
2025-08-17 06:15:00,,141674.0,,,
2025-08-17 12:00:00,,389167.5,,,
2025-08-17 17:45:00,,774054.0,,,
2025-08-17 23:30:00,,607937.5,,,
2025-08-18 00:00:00,477917.0,,1.5628293246753249,35.83,35.99
2025-08-18 05:15:00,,308944.5,,,
2025-08-18 11:00:00,,232157.0,,,
2025-08-18 16:45:00,,5435239.0,,,
2025-08-18 22:30:00,,1516354.0,,,
2025-08-19 00:00:00,412234.0,,1.7399857313432838,35.99,37.87
2025-08-19 04:15:00,,197458.5,,,
2025-08-19 10:00:00,,299398.0,,,
2025-08-19 15:45:00,,1699967.5,,,
2025-08-19 21:30:00,,5339713.0,,,
2025-08-20 00:00:00,424700.0,,1.609660631205673,37.87,36.02
2025-08-20 03:15:00,,2468337.0,,,
2025-08-20 09:00:00,,4043978.5,,,
2025-08-20 14:45:00,,858057.0,,,
2025-08-20 20:30:00,,1041114.0,,,
2025-08-21 00:00:00,447583.0,,1.5985631342281879,36.02,37.25
2025-08-21 02:15:00,,1583293.0,,,
2025-08-21 08:00:00,,1251478.0,,,
2025-08-21 13:45:00,,715235.5,,,
2025-08-21 19:30:00,,2230321.0,,,
2025-08-22 00:00:00,459516.0,,1.6326628493150686,37.25,34.53
2025-08-22 01:15:00,,267086.5,,,
2025-08-22 07:00:00,,1311623.0,,,
2025-08-22 12:45:00,,1135923.0,,,
2025-08-22 18:30:00,,748862.0,,,
2025-08-23 00:00:00,466919.0,,1.585786625,34.53,34.97
2025-08-23 00:15:00,,2563162.0,,,
2025-08-23 06:00:00,,211464.0,,,
2025-08-23 11:45:00,,243390.5,,,
2025-08-23 17:30:00,,407469.0,,,
2025-08-23 23:15:00,,494277.0,,,
2025-08-24 00:00:00,525708.0,,1.5772542865853663,34.97,35.07
2025-08-24 05:00:00,,784944.5,,,
2025-08-24 10:45:00,,322788.5,,,
2025-08-24 16:30:00,,561122.0,,,
2025-08-24 22:15:00,,236497.0,,,
2025-08-25 00:00:00,481940.0,,1.5999791347517733,35.07,37.93
2025-08-25 04:00:00,,425097.5,,,
2025-08-25 09:45:00,,431581.0,,,
2025-08-25 15:30:00,,1534577.5,,,
2025-08-25 21:15:00,,1469625.0,,,
2025-08-26 00:00:00,456410.0,,1.6423185999999994,37.93,36.92
2025-08-26 03:00:00,,576397.5,,,
2025-08-26 08:45:00,,346913.5,,,
2025-08-26 14:30:00,,4376731.0,,,
2025-08-26 20:15:00,,364646.0,,,
2025-08-27 00:00:00,499087.0,,1.587194126666667,36.92,37.91
2025-08-27 02:00:00,,169875.5,,,
2025-08-27 07:45:00,,451406.0,,,
2025-08-27 13:30:00,,4405044.0,,,
2025-08-27 19:15:00,,2004744.0,,,
2025-08-28 00:00:00,575434.0,,1.5770443710691824,37.91,36.95
2025-08-28 01:00:00,,175006.5,,,
2025-08-28 06:45:00,,418500.0,,,
2025-08-28 12:30:00,,419556.5,,,
2025-08-28 18:15:00,,327036.0,,,
2025-08-29 00:00:00,595979.0,348324.0,1.5111002727272735,36.95,38.98
2025-08-29 05:45:00,,1401596.5,,,
2025-08-29 11:30:00,,540364.0,,,
2025-08-29 17:15:00,,783712.5,,,
2025-08-29 23:00:00,,550235.5,,,
2025-08-30 00:00:00,628356.0,,1.4566713734177217,38.98,38.85
2025-08-30 04:45:00,,250497.0,,,
2025-08-30 10:30:00,,358374.0,,,
2025-08-30 16:15:00,,458228.5,,,
2025-08-30 22:00:00,,1689988.0,,,
2025-08-31 00:00:00,472742.0,,1.3953556818181816,38.85,39.62
2025-08-31 03:45:00,,224702.0,,,
2025-08-31 09:30:00,,1713016.0,,,
2025-08-31 15:15:00,,796505.5,,,
2025-08-31 21:00:00,,250936.0,,,
2025-09-01 00:00:00,598584.0,,1.6122321863354034,39.62,39.5
2025-09-01 02:45:00,,547485.0,,,
2025-09-01 08:30:00,,227665.0,,,
2025-09-01 14:15:00,,8106033.0,,,
2025-09-01 20:00:00,,6114309.0,,,
2025-09-02 00:00:00,592477.0,,1.5512578404907982,39.33,38.8
2025-09-02 01:45:00,,599226.5,,,
2025-09-02 07:30:00,,763489.5,,,
2025-09-02 13:15:00,,1543506.0,,,
2025-09-02 19:00:00,,588592.5,,,
2025-09-03 00:00:00,410973.0,,1.553846927007299,38.8,38.85
2025-09-03 00:45:00,,358927.0,,,
2025-09-03 06:30:00,,564855.0,,,
2025-09-03 12:15:00,,1669869.0,,,
2025-09-03 18:00:00,,7269224.5,,,
2025-09-03 23:45:00,,6488822.0,,,
2025-09-04 00:00:00,395001.0,,1.5226124428571424,38.85,38.48
2025-09-04 05:30:00,,1174226.0,,,
2025-09-04 11:15:00,,605221.0,,,
2025-09-04 17:00:00,,3593639.5,,,
2025-09-04 22:45:00,,2947359.5,,,
2025-09-05 00:00:00,416242.0,,1.5636690279720287,38.48,37.49
2025-09-05 04:30:00,,555412.5,,,
2025-09-05 10:15:00,,379627.0,,,
2025-09-05 16:00:00,,1467514.0,,,
2025-09-05 21:45:00,,2607592.0,,,
2025-09-06 00:00:00,440894.0,,1.514811757142857,37.49,37.76
2025-09-06 03:30:00,,599738.5,,,
2025-09-06 09:15:00,,792839.0,,,
2025-09-06 15:00:00,,1539503.0,,,
2025-09-06 20:45:00,,297805.5,,,
2025-09-07 00:00:00,586136.0,,1.5456429415584405,37.76,37.9
2025-09-07 02:30:00,,742442.0,,,
2025-09-07 08:15:00,,664571.0,,,
2025-09-07 14:00:00,,360058.0,,,
2025-09-07 19:45:00,,386398.5,,,
2025-09-08 00:00:00,567760.0,,1.5250316499999996,37.9,37.08
2025-09-08 01:30:00,,1136987.0,,,
2025-09-08 07:15:00,,679448.0,,,
2025-09-08 13:00:00,,444202.0,,,
2025-09-08 18:45:00,,487454.5,,,
2025-09-09 00:00:00,619348.0,,1.458394335329342,37.08,37.36
2025-09-09 00:30:00,,169669.0,,,
2025-09-09 06:15:00,,1840177.5,,,
2025-09-09 12:00:00,,332566.5,,,
2025-09-09 17:45:00,,1248505.0,,,
2025-09-09 23:30:00,,574450.5,,,
2025-09-10 00:00:00,643071.0,,1.526476305882353,37.36,36.95
2025-09-10 05:15:00,,820849.5,,,
2025-09-10 11:00:00,,363751.5,,,
2025-09-10 16:45:00,,3610465.5,,,
2025-09-10 22:30:00,,378841.0,,,
2025-09-11 00:00:00,598288.0,,1.5002413133333337,36.95,35.26
2025-09-11 04:15:00,,1084774.5,,,
2025-09-11 10:00:00,,693039.5,,,
2025-09-11 15:45:00,,816844.0,,,
2025-09-11 21:30:00,,401731.5,,,
2025-09-12 00:00:00,396343.0,,1.6223316,35.26,34.66
2025-09-12 03:15:00,,2322956.5,,,
2025-09-12 09:00:00,,1653424.0,,,
2025-09-12 14:45:00,,1557250.0,,,
2025-09-12 20:30:00,,1492704.0,,,
2025-09-13 00:00:00,532946.0,,1.5886562978723398,34.66,34.28
2025-09-13 02:15:00,,287478.5,,,
2025-09-13 08:00:00,,685209.0,,,
2025-09-13 13:45:00,,505291.5,,,
2025-09-13 19:30:00,,333600.0,,,
2025-09-14 00:00:00,534052.0,,1.6307628496732034,34.28,34.41
2025-09-14 01:15:00,,753947.0,,,
2025-09-14 07:00:00,,165142.0,,,
2025-09-14 12:45:00,,803742.5,,,
2025-09-14 18:30:00,,1035869.5,,,
2025-09-15 00:00:00,534987.0,,1.4895045950920243,34.41,35.56
2025-09-15 00:15:00,,1761629.0,,,
2025-09-15 06:00:00,,126064.0,,,
2025-09-15 11:45:00,,263169.0,,,
2025-09-15 17:30:00,,710688.0,,,
2025-09-15 23:15:00,,1088483.0,,,
2025-09-16 00:00:00,536445.0,,1.5766841812499999,35.56,36.52
2025-09-16 05:00:00,,638996.0,,,
2025-09-16 10:45:00,,1423253.0,,,
2025-09-16 16:30:00,,1141814.5,,,
2025-09-16 22:15:00,,388790.0,,,
2025-09-17 00:00:00,362737.0,,1.5138621484374994,36.52,35.55
2025-09-17 04:00:00,,1476300.0,,,
2025-09-17 09:45:00,,576447.5,,,
2025-09-17 15:30:00,,2329664.0,,,
2025-09-17 21:15:00,,3606017.0,,,
2025-09-18 00:00:00,448319.0,,1.4849593670886079,35.55,33.81
2025-09-18 03:00:00,,1680379.5,,,
2025-09-18 08:45:00,,1237429.5,,,
2025-09-18 14:30:00,,605034.0,,,
2025-09-18 20:15:00,,2712811.5,,,
2025-09-19 00:00:00,478120.0,,1.513931482142857,33.81,34.78
2025-09-19 02:00:00,,1128540.0,,,
2025-09-19 07:45:00,,757138.0,,,
2025-09-19 13:30:00,,5785567.5,,,
2025-09-19 19:15:00,,693940.5,,,
2025-09-20 00:00:00,498405.0,,1.4853958169934636,34.78,34.48
2025-09-20 01:00:00,,363192.5,,,
2025-09-20 06:45:00,,378316.0,,,
2025-09-20 12:30:00,,1555326.0,,,
2025-09-20 18:15:00,,1823353.0,,,
2025-09-21 00:00:00,513363.0,9518315.5,1.4102535925925928,34.48,34.51
2025-09-21 05:45:00,,340528.0,,,
2025-09-21 11:30:00,,391330.5,,,
2025-09-21 17:15:00,,856480.0,,,
2025-09-21 23:00:00,,519849.0,,,
2025-09-22 00:00:00,456539.0,,1.5695040333333343,34.51,35.17
2025-09-22 04:45:00,,3458835.0,,,
2025-09-22 10:30:00,,538575.0,,,
2025-09-22 16:15:00,,1652327.0,,,
2025-09-22 22:00:00,,751492.5,,,
2025-09-23 00:00:00,495753.0,,1.531009361111111,35.17,37.14
2025-09-23 03:45:00,,1548977.0,,,
2025-09-23 09:30:00,,2505323.5,,,
2025-09-23 15:15:00,,2052779.5,,,
2025-09-23 21:00:00,,2450409.5,,,
2025-09-24 00:00:00,522753.0,,1.4356310065359468,37.14,36.17
2025-09-24 02:45:00,,335405.0,,,
2025-09-24 08:30:00,,743690.5,,,
2025-09-24 14:15:00,,1243061.0,,,
2025-09-24 20:00:00,,610944.5,,,
2025-09-25 00:00:00,431538.0,,1.472751425531915,36.17,37.69
2025-09-25 01:45:00,,326291.5,,,
2025-09-25 07:30:00,,2050066.0,,,
2025-09-25 13:15:00,,3890604.0,,,
2025-09-25 19:00:00,,3120643.0,,,
2025-09-26 00:00:00,418894.0,,1.510291954545455,37.69,36.55
2025-09-26 00:45:00,,634343.5,,,
2025-09-26 06:30:00,,473581.5,,,
2025-09-26 12:15:00,,5477096.5,,,
2025-09-26 18:00:00,,6312420.0,,,
2025-09-26 23:45:00,,1560314.0,,,
2025-09-27 00:00:00,525961.0,,1.4457490129032258,36.55,36.42
2025-09-27 05:30:00,,651997.5,,,
2025-09-27 11:15:00,,1116393.5,,,
2025-09-27 17:00:00,,461701.5,,,
2025-09-27 22:45:00,,491402.0,,,
2025-09-28 00:00:00,635272.0,,1.3946476242424253,36.42,35.86
2025-09-28 04:30:00,,272069.5,,,
2025-09-28 10:15:00,,221843.0,,,
2025-09-28 16:00:00,,654171.0,,,
2025-09-28 21:45:00,,303580.0,,,
2025-09-29 00:00:00,444256.0,,1.4245063214285718,35.86,36.39
2025-09-29 03:30:00,,667188.5,,,
2025-09-29 09:15:00,,328903.0,,,
2025-09-29 15:00:00,,3891021.0,,,
2025-09-29 20:45:00,,257214.5,,,
2025-09-30 00:00:00,555181.0,,1.4217678447204969,36.39,36.61
2025-09-30 02:30:00,,140299.5,,,
2025-09-30 08:15:00,,201543.5,,,
2025-09-30 14:00:00,,332675.5,,,
2025-09-30 19:45:00,,721705.0,,,
2025-10-01 00:00:00,473675.0,,1.5156468013245037,36.61,37.12
2025-10-01 01:30:00,,417460.5,,,
2025-10-01 07:15:00,,4435176.0,,,
2025-10-01 13:00:00,,1266133.5,,,
2025-10-01 18:45:00,,1386767.0,,,
2025-10-02 00:00:00,381400.0,,1.4516989411764705,37.12,37.39
2025-10-02 00:30:00,,289441.0,,,
2025-10-02 06:15:00,,1397263.5,,,
2025-10-02 12:00:00,,520598.0,,,
2025-10-02 17:45:00,,3014885.5,,,
2025-10-02 23:30:00,,2504279.0,,,
2025-10-03 00:00:00,387530.0,,1.5830318898305091,37.39,38.03
2025-10-03 05:15:00,,653193.0,,,
2025-10-03 11:00:00,,1039652.5,,,
2025-10-03 16:45:00,,5503876.0,,,
2025-10-03 22:30:00,,8394465.0,,,
2025-10-04 00:00:00,421863.0,,1.4648617089552236,38.03,38.03
2025-10-04 04:15:00,,681895.5,,,
2025-10-04 10:00:00,,408548.0,,,
2025-10-04 15:45:00,,1802428.5,,,
2025-10-04 21:30:00,,702778.5,,,
2025-10-05 00:00:00,525196.0,,1.4561148859060413,38.03,37.95
2025-10-05 03:15:00,,539499.5,,,
2025-10-05 09:00:00,,607545.5,,,
2025-10-05 14:45:00,,607152.0,,,
2025-10-05 20:30:00,,368135.0,,,
2025-10-06 00:00:00,431069.0,,1.5358988617886178,37.95,39.26
2025-10-06 02:15:00,,741792.5,,,
2025-10-06 08:00:00,,723885.5,,,
2025-10-06 13:45:00,,2135224.0,,,
2025-10-06 19:30:00,,5307385.5,,,
2025-10-07 00:00:00,430316.0,,1.6251317028985515,39.07,39.28
2025-10-07 01:15:00,,457161.0,,,
2025-10-07 07:00:00,,436855.0,,,
2025-10-07 12:45:00,,953275.0,,,
2025-10-07 18:30:00,,1597804.5,,,
2025-10-08 00:00:00,427203.0,,1.4909487499999998,39.28,39.44
2025-10-08 00:15:00,,374759.0,,,
2025-10-08 06:00:00,,1012749.5,,,
2025-10-08 11:45:00,,241732.0,,,
2025-10-08 17:30:00,,757902.0,,,
2025-10-08 23:15:00,,3514949.0,,,
2025-10-09 00:00:00,367625.0,,1.4891704833333328,39.44,39.73
2025-10-09 05:00:00,,2493578.0,,,
2025-10-09 10:45:00,,1963082.5,,,
2025-10-09 16:30:00,,3342793.5,,,
2025-10-09 22:15:00,,5501975.5,,,
2025-10-10 00:00:00,417946.0,,1.5446489621212114,39.73,44.11
2025-10-10 04:00:00,,214317.5,,,
2025-10-10 09:45:00,,1547528.5,,,
2025-10-10 15:30:00,,1752523.5,,,
2025-10-10 21:15:00,,3935693.0,,,
2025-10-11 00:00:00,443851.0,,1.5295576258503403,44.11,46.15
2025-10-11 03:00:00,,1390754.5,,,
2025-10-11 08:45:00,,1708458.5,,,
2025-10-11 14:30:00,,2323623.0,,,
2025-10-11 20:15:00,,471777.0,,,
2025-10-12 00:00:00,463278.0,,1.4769286068965517,46.15,46.24
2025-10-12 02:00:00,,547647.5,,,
2025-10-12 07:45:00,,293902.0,,,
2025-10-12 13:30:00,,553666.5,,,
2025-10-12 19:15:00,,4237929.5,,,
2025-10-13 00:00:00,491388.0,,1.4778943815789476,46.24,43.38
2025-10-13 01:00:00,,468835.5,,,
2025-10-13 06:45:00,,715541.5,,,
2025-10-13 12:30:00,,239104.0,,,
2025-10-13 18:15:00,,2426404.0,,,
2025-10-14 00:00:00,562614.0,832544.0,1.4224675680473382,43.38,45.01
2025-10-14 05:45:00,,887893.0,,,
2025-10-14 11:30:00,,269060.5,,,
2025-10-14 17:15:00,,664943.5,,,
2025-10-14 23:00:00,,237754.0,,,
2025-10-15 00:00:00,480036.0,,1.4411117222222225,45.01,45.25
2025-10-15 04:45:00,,189888.0,,,
2025-10-15 10:30:00,,208635.0,,,
2025-10-15 16:15:00,,855960.0,,,
2025-10-15 22:00:00,,993412.5,,,
2025-10-16 00:00:00,497195.0,,1.4887701895424839,45.25,47.78
2025-10-16 03:45:00,,1074739.5,,,
2025-10-16 09:30:00,,417264.5,,,
2025-10-16 15:15:00,,1075130.5,,,
2025-10-16 21:00:00,,1359598.0,,,
2025-10-17 00:00:00,479864.0,,1.4164826163522013,47.78,50.0
2025-10-17 02:45:00,,715951.0,,,
2025-10-17 08:30:00,,628426.0,,,
2025-10-17 14:15:00,,2965440.0,,,
2025-10-17 20:00:00,,673479.0,,,
2025-10-18 00:00:00,563854.0,,1.466007151515151,50.0,49.08
2025-10-18 01:45:00,,922330.0,,,
2025-10-18 07:30:00,,516127.0,,,
2025-10-18 13:15:00,,166579.0,,,
2025-10-18 19:00:00,,283608.5,,,
2025-10-19 00:00:00,443093.0,,1.5296120215827338,49.08,47.68
2025-10-19 00:45:00,,1314748.0,,,
2025-10-19 06:30:00,,256732.0,,,
2025-10-19 12:15:00,,152736.0,,,
2025-10-19 18:00:00,,480605.0,,,
2025-10-19 23:45:00,,974064.0,,,
2025-10-20 00:00:00,424461.0,,1.4800193557046974,47.68,45.95
2025-10-20 05:30:00,,372737.5,,,
2025-10-20 11:15:00,,719857.0,,,
2025-10-20 17:00:00,,660789.5,,,
2025-10-20 22:45:00,,306784.0,,,
2025-10-21 00:00:00,428827.0,,1.4864268866666663,45.95,49.27
2025-10-21 04:30:00,,177487.0,,,
2025-10-21 10:15:00,,616898.5,,,
2025-10-21 16:00:00,,408573.0,,,
2025-10-21 21:45:00,,2222244.0,,,
2025-10-22 00:00:00,488977.0,,1.453998516339869,49.27,50.7
2025-10-22 03:30:00,,279676.0,,,
2025-10-22 09:15:00,,764671.5,,,
2025-10-22 15:00:00,,1655235.5,,,
2025-10-22 20:45:00,,2514126.5,,,
2025-10-23 00:00:00,426093.0,,1.4771010070422539,50.7,45.13
2025-10-23 02:30:00,,592853.5,,,
2025-10-23 08:15:00,,1290831.5,,,
2025-10-23 14:00:00,,1149326.5,,,
2025-10-23 19:45:00,,791539.5,,,
2025-10-24 00:00:00,571044.0,,1.4150972122905032,45.13,42.84
2025-10-24 01:30:00,,244685.5,,,
2025-10-24 07:15:00,,927762.0,,,
2025-10-24 13:00:00,,393146.5,,,
2025-10-24 18:45:00,,657388.0,,,
2025-10-25 00:00:00,504224.0,,1.5449332874999997,42.84,42.9
2025-10-25 00:30:00,,630579.0,,,
2025-10-25 06:15:00,,480193.0,,,
2025-10-25 12:00:00,,260523.5,,,
2025-10-25 17:45:00,,1775866.0,,,
2025-10-25 23:30:00,,1518789.0,,,
2025-10-26 00:00:00,521166.0,,1.4508121632653062,42.9,43.91
2025-10-26 05:15:00,,328870.0,,,
2025-10-26 11:00:00,,535285.5,,,
2025-10-26 16:45:00,,778693.0,,,
2025-10-26 22:30:00,,163455.5,,,
2025-10-27 00:00:00,507166.0,,1.5485159931972787,43.91,42.82
2025-10-27 04:15:00,,1105711.0,,,
2025-10-27 10:00:00,,203962.0,,,
2025-10-27 15:45:00,,239202.5,,,
2025-10-27 21:30:00,,1235728.5,,,
2025-10-28 00:00:00,524497.0,,1.4871308271604926,42.82,42.39
2025-10-28 03:15:00,,363515.5,,,
2025-10-28 09:00:00,,2439752.0,,,
2025-10-28 14:45:00,,3152970.0,,,
2025-10-28 20:30:00,,438792.0,,,
2025-10-29 00:00:00,391799.0,,1.4949579268292679,42.39,45.07
2025-10-29 02:15:00,,990107.5,,,
2025-10-29 08:00:00,,550932.5,,,
2025-10-29 13:45:00,,786139.5,,,
2025-10-29 19:30:00,,1346199.5,,,
2025-10-30 00:00:00,553867.0,,1.4591251374999998,45.07,44.85
2025-10-30 01:15:00,,307817.5,,,
2025-10-30 07:00:00,,780598.0,,,
2025-10-30 12:45:00,,383659.5,,,
2025-10-30 18:30:00,,165629.0,,,
2025-10-31 00:00:00,459885.0,,1.5636110357142858,44.85,43.31
2025-10-31 00:15:00,,312285.0,,,
2025-10-31 06:00:00,,574417.5,,,
2025-10-31 11:45:00,,384611.0,,,
2025-10-31 17:30:00,,2706368.5,,,
2025-10-31 23:15:00,,1459836.0,,,
2025-11-01 00:00:00,391138.0,,1.6664064637681164,43.31,43.49
2025-11-01 05:00:00,,462917.5,,,
2025-11-01 10:45:00,,392713.0,,,
2025-11-01 16:30:00,,1770481.5,,,
2025-11-01 22:15:00,,767873.5,,,
2025-11-02 00:00:00,407913.0,,1.513470980645161,43.49,44.12
2025-11-02 04:00:00,,1341180.5,,,
2025-11-02 09:45:00,,157229.5,,,
2025-11-02 15:30:00,,229581.0,,,
2025-11-02 21:15:00,,314480.0,,,
2025-11-03 00:00:00,447501.0,,1.5669393309859152,44.12,45.73
2025-11-03 03:00:00,,605344.0,,,
2025-11-03 08:45:00,,729768.0,,,
2025-11-03 14:30:00,,411504.5,,,
2025-11-03 20:15:00,,933877.5,,,
2025-11-04 00:00:00,375748.0,,1.5164099389312984,45.73,47.79
2025-11-04 02:00:00,,1548236.0,,,
2025-11-04 07:45:00,,248132.0,,,
2025-11-04 13:30:00,,760030.5,,,
2025-11-04 19:15:00,,3753331.5,,,
2025-11-05 00:00:00,395868.0,,1.5664302391304348,47.79,46.55
2025-11-05 01:00:00,,697049.0,,,
2025-11-05 06:45:00,,421773.0,,,
2025-11-05 12:30:00,,2191515.5,,,
2025-11-05 18:15:00,,2726862.0,,,
2025-11-06 00:00:00,416077.0,4982809.0,1.4547643857142858,46.55,46.94
2025-11-06 05:45:00,,2446742.0,,,
2025-11-06 11:30:00,,1700215.0,,,
2025-11-06 17:15:00,,3017474.5,,,
2025-11-06 23:00:00,,2296823.5,,,
2025-11-07 00:00:00,476045.0,,1.5706490211267612,46.93,44.61
2025-11-07 04:45:00,,232439.5,,,
2025-11-07 10:30:00,,350110.0,,,
2025-11-07 16:15:00,,575052.0,,,
2025-11-07 22:00:00,,1566054.0,,,
2025-11-08 00:00:00,351248.0,,1.4899085166666672,44.61,44.88
2025-11-08 03:45:00,,838864.5,,,
2025-11-08 09:30:00,,508552.0,,,
2025-11-08 15:15:00,,1803074.0,,,
2025-11-08 21:00:00,,566676.0,,,
2025-11-09 00:00:00,466189.0,,1.4927761560283688,44.88,45.11
2025-11-09 02:45:00,,605911.5,,,
2025-11-09 08:30:00,,1672098.5,,,
2025-11-09 14:15:00,,853024.0,,,
2025-11-09 20:00:00,,401382.5,,,
2025-11-10 00:00:00,449366.0,,1.5237032857142856,45.11,44.3
2025-11-10 01:45:00,,659831.0,,,
2025-11-10 07:30:00,,443907.5,,,
2025-11-10 13:15:00,,875268.0,,,
2025-11-10 19:00:00,,247940.0,,,
2025-11-11 00:00:00,481769.0,,1.5022041830065362,44.3,46.61
2025-11-11 00:45:00,,170221.5,,,
2025-11-11 06:30:00,,337521.0,,,
2025-11-11 12:15:00,,259870.5,,,
2025-11-11 18:00:00,,1180613.5,,,
2025-11-11 23:45:00,,453006.5,,,
2025-11-12 00:00:00,450810.0,,1.518468042553192,46.61,46.07
2025-11-12 05:30:00,,1646474.5,,,
2025-11-12 11:15:00,,917009.5,,,
2025-11-12 17:00:00,,627060.0,,,
2025-11-12 22:45:00,,690667.5,,,
2025-11-13 00:00:00,486517.0,,,46.08,46.52
2025-11-13 04:30:00,,273530.5,,,
2025-11-13 10:15:00,,243850.5,,,
2025-11-13 16:00:00,,791156.0,,,
2025-11-13 21:45:00,,1117395.0,,,
2025-11-14 00:00:00,,,,46.52,49.71
2025-11-14 03:30:00,,282974.0,,,
2025-11-14 09:15:00,,599448.0,,,
2025-11-14 15:00:00,,989166.5,,,
2025-11-14 20:45:00,,1304024.0,,,
2025-11-15 00:00:00,,,,49.71,48.5
2025-11-15 02:30:00,,728689.5,,,
2025-11-15 08:15:00,,1147096.5,,,
2025-11-15 14:00:00,,866349.0,,,
2025-11-15 19:45:00,,1179968.5,,,
2025-11-16 00:00:00,581693.0,,1.5470192012578614,48.5,49.64
2025-11-16 01:30:00,,117591.5,,,
2025-11-16 07:15:00,,991860.0,,,
2025-11-16 13:00:00,,536484.0,,,
2025-11-16 18:45:00,,764326.0,,,
2025-11-17 00:00:00,415346.0,,1.6296327983870966,49.64,50.62
2025-11-17 00:30:00,,463774.0,,,
2025-11-17 06:15:00,,4046484.5,,,
2025-11-17 12:00:00,,3912128.5,,,
2025-11-17 17:45:00,,3603204.0,,,
2025-11-17 23:30:00,,474117.0,,,
2025-11-18 00:00:00,317034.0,,1.5420716992481203,50.62,50.52
2025-11-18 05:15:00,,1598663.0,,,
2025-11-18 11:00:00,,1834716.0,,,
2025-11-18 16:45:00,,951974.0,,,
2025-11-18 22:30:00,,1854883.0,,,
2025-11-19 00:00:00,361600.0,,1.5538528248175183,50.52,51.04
2025-11-19 04:15:00,,1288058.5,,,
2025-11-19 10:00:00,,751597.0,,,
2025-11-19 15:45:00,,348858.0,,,
2025-11-19 21:30:00,,2608742.5,,,
2025-11-20 00:00:00,361688.0,,1.6422474045801525,51.04,54.65
2025-11-20 03:15:00,,486656.5,,,
2025-11-20 09:00:00,,925691.5,,,
2025-11-20 14:45:00,,335574.5,,,
2025-11-20 20:30:00,,613309.0,,,
2025-11-21 00:00:00,413019.0,,1.5499346754966894,54.65,57.38
2025-11-21 02:15:00,,1616335.0,,,
2025-11-21 08:00:00,,1458787.0,,,
2025-11-21 13:45:00,,2385673.5,,,
2025-11-21 19:30:00,,318717.5,,,
2025-11-22 00:00:00,472172.0,,1.4938893846153851,57.38,59.16
2025-11-22 01:15:00,,828299.0,,,
2025-11-22 07:00:00,,295663.0,,,
2025-11-22 12:45:00,,223887.0,,,
2025-11-22 18:30:00,,787836.0,,,
2025-11-23 00:00:00,316988.0,,1.5849713661971827,59.16,56.5
2025-11-23 00:15:00,,1382055.5,,,
2025-11-23 06:00:00,,174250.5,,,
2025-11-23 11:45:00,,372997.5,,,
2025-11-23 17:30:00,,2767344.5,,,
2025-11-23 23:15:00,,207393.0,,,
2025-11-24 00:00:00,399923.0,,1.5760912867132868,56.5,53.31
2025-11-24 05:00:00,,2006644.5,,,
2025-11-24 10:45:00,,1216010.5,,,
2025-11-24 16:30:00,,2257049.5,,,
2025-11-24 22:15:00,,985072.5,,,
2025-11-25 00:00:00,350651.0,,1.578018591304348,53.77,52.56
2025-11-25 04:00:00,,834160.0,,,
2025-11-25 09:45:00,,1652281.5,,,
2025-11-25 15:30:00,,1858970.0,,,
2025-11-25 21:15:00,,2051114.0,,,
2025-11-26 00:00:00,476857.0,,1.604467841463415,52.56,49.92
2025-11-26 03:00:00,,953097.0,,,
2025-11-26 08:45:00,,272068.5,,,
2025-11-26 14:30:00,,486412.5,,,
2025-11-26 20:15:00,,259841.5,,,
2025-11-27 00:00:00,403591.0,,1.548441972027972,49.92,49.31
2025-11-27 02:00:00,,4125860.0,,,
2025-11-27 07:45:00,,1298337.0,,,
2025-11-27 13:30:00,,206467.0,,,
2025-11-27 19:15:00,,819625.5,,,
2025-11-28 00:00:00,511503.0,,1.5340384133333331,49.31,48.7
2025-11-28 01:00:00,,453043.5,,,
2025-11-28 06:45:00,,959086.5,,,
2025-11-28 12:30:00,,1181971.5,,,
2025-11-28 18:15:00,,1644767.5,,,
2025-11-29 00:00:00,400546.0,934089.5,1.5935075328467156,48.7,49.13
2025-11-29 05:45:00,,332268.0,,,
2025-11-29 11:30:00,,678208.0,,,
2025-11-29 17:15:00,,790906.5,,,
2025-11-29 23:00:00,,475495.5,,,
2025-11-30 00:00:00,517352.0,,1.6096999101796403,49.13,48.78
2025-11-30 04:45:00,,140469.5,,,
2025-11-30 10:30:00,,235172.5,,,
2025-11-30 16:15:00,,310252.5,,,
2025-11-30 22:00:00,,328266.5,,,
2025-12-01 00:00:00,401908.0,,1.5683729624060156,48.78,53.13
2025-12-01 03:45:00,,2111841.0,,,
2025-12-01 09:30:00,,1429108.0,,,
2025-12-01 15:15:00,,4646386.0,,,
2025-12-01 21:00:00,,5153186.5,,,
2025-12-02 00:00:00,412455.0,,1.5904132362204724,53.13,49.24
2025-12-02 02:45:00,,534861.0,,,
2025-12-02 08:30:00,,1489091.5,,,
2025-12-02 14:15:00,,1810928.5,,,
2025-12-02 20:00:00,,981658.5,,,
2025-12-03 00:00:00,429419.0,,1.510216265151515,49.24,47.44
2025-12-03 01:45:00,,166484.0,,,
2025-12-03 07:30:00,,705664.5,,,
2025-12-03 13:15:00,,1196404.0,,,
2025-12-03 19:00:00,,4585041.0,,,
2025-12-04 00:00:00,413939.0,,1.5589369924242424,47.44,48.03
2025-12-04 00:45:00,,1201499.5,,,
2025-12-04 06:30:00,,1022672.0,,,
2025-12-04 12:15:00,,1159326.5,,,
2025-12-04 18:00:00,,638165.0,,,
2025-12-04 23:45:00,,1295616.5,,,
2025-12-05 00:00:00,356197.0,,1.572362966386555,48.03,48.94
2025-12-05 05:30:00,,1575170.5,,,
2025-12-05 11:15:00,,4734642.5,,,
2025-12-05 17:00:00,,587116.5,,,
2025-12-05 22:45:00,,2042193.5,,,
2025-12-06 00:00:00,526933.0,,1.4321202453987731,48.94,49.0
2025-12-06 04:30:00,,721953.5,,,
2025-12-06 10:15:00,,372248.5,,,
2025-12-06 16:00:00,,194263.0,,,
2025-12-06 21:45:00,,307011.5,,,
2025-12-07 00:00:00,543060.0,,1.5193290999999998,49.0,49.65
2025-12-07 03:30:00,,609185.5,,,
2025-12-07 09:15:00,,332475.5,,,
2025-12-07 15:00:00,,856417.5,,,
2025-12-07 20:45:00,,1630089.0,,,
2025-12-08 00:00:00,580087.0,,1.5358437364864868,49.64,49.01
2025-12-08 02:30:00,,204867.0,,,
2025-12-08 08:15:00,,605934.0,,,
2025-12-08 14:00:00,,2453838.5,,,
2025-12-08 19:45:00,,427940.5,,,
2025-12-09 00:00:00,448761.0,,1.5718987906976756,49.01,46.44
2025-12-09 01:30:00,,1800529.0,,,
2025-12-09 07:15:00,,503939.5,,,
2025-12-09 13:00:00,,423374.5,,,
2025-12-09 18:45:00,,1363389.0,,,
2025-12-10 00:00:00,550289.0,,1.5262322000000006,46.44,44.92
2025-12-10 00:30:00,,237898.0,,,
2025-12-10 06:15:00,,287438.0,,,
2025-12-10 12:00:00,,542624.0,,,
2025-12-10 17:45:00,,2320681.0,,,
2025-12-10 23:30:00,,852046.5,,,
2025-12-11 00:00:00,472673.0,,1.5479402125000001,44.92,44.46
2025-12-11 05:15:00,,551337.5,,,
2025-12-11 11:00:00,,219459.5,,,
2025-12-11 16:45:00,,405188.0,,,
2025-12-11 22:30:00,,1496849.5,,,
2025-12-12 00:00:00,416978.0,,1.5977671448275859,44.46,44.22
2025-12-12 04:15:00,,149326.5,,,
2025-12-12 10:00:00,,510983.5,,,
2025-12-12 15:45:00,,522635.5,,,
2025-12-12 21:30:00,,654245.5,,,
2025-12-13 00:00:00,495768.0,,1.586394188811189,44.22,44.65
2025-12-13 03:15:00,,747990.0,,,
2025-12-13 09:00:00,,562273.5,,,
2025-12-13 14:45:00,,156270.5,,,
2025-12-13 20:30:00,,526578.5,,,
2025-12-14 00:00:00,416510.0,,1.4492614218749995,44.65,46.74
2025-12-14 02:15:00,,1035820.5,,,
2025-12-14 08:00:00,,330419.5,,,
2025-12-14 13:45:00,,437740.0,,,
2025-12-14 19:30:00,,1426969.5,,,
2025-12-15 00:00:00,423165.0,,1.5291941940298508,46.74,46.68
2025-12-15 01:15:00,,1323836.0,,,
2025-12-15 07:00:00,,262509.5,,,
2025-12-15 12:45:00,,343113.0,,,
2025-12-15 18:30:00,,283765.5,,,
2025-12-16 00:00:00,443548.0,,1.4862120272108836,46.39,45.69
2025-12-16 00:15:00,,345397.0,,,
2025-12-16 06:00:00,,1260525.0,,,
2025-12-16 11:45:00,,306522.5,,,
2025-12-16 17:30:00,,573666.5,,,
2025-12-16 23:15:00,,420313.0,,,
2025-12-17 00:00:00,446327.0,,1.5104421594202893,45.69,47.0
2025-12-17 05:00:00,,381014.0,,,
2025-12-17 10:45:00,,577163.0,,,
2025-12-17 16:30:00,,1045372.5,,,
2025-12-17 22:15:00,,896815.5,,,
2025-12-18 00:00:00,463683.0,,1.5438726319444445,47.0,47.48
2025-12-18 04:00:00,,2398384.5,,,
2025-12-18 09:45:00,,2234588.0,,,
2025-12-18 15:30:00,,331225.0,,,
2025-12-18 21:15:00,,1993569.5,,,
2025-12-19 00:00:00,433955.0,,1.5370681862068964,47.48,45.06
2025-12-19 03:00:00,,1069533.5,,,
2025-12-19 08:45:00,,876784.0,,,
2025-12-19 14:30:00,,4592114.0,,,
2025-12-19 20:15:00,,654319.0,,,
2025-12-20 00:00:00,440724.0,,1.491643278911564,45.06,45.11
2025-12-20 02:00:00,,240560.5,,,
2025-12-20 07:45:00,,794376.5,,,
2025-12-20 13:30:00,,977060.5,,,
2025-12-20 19:15:00,,234146.5,,,
2025-12-21 00:00:00,440949.0,,1.4662638695652173,45.11,45.07
2025-12-21 01:00:00,,331663.0,,,
2025-12-21 06:45:00,,268495.0,,,
2025-12-21 12:30:00,,346422.5,,,
2025-12-21 18:15:00,,546242.0,,,
2025-12-22 00:00:00,427075.0,846168.5,1.4905679568345314,45.07,45.09
2025-12-22 05:45:00,,606700.5,,,
2025-12-22 11:30:00,,1064972.5,,,
2025-12-22 17:15:00,,1167783.5,,,
2025-12-22 23:00:00,,288301.5,,,
2025-12-23 00:00:00,430835.0,,1.47643055862069,45.09,43.4
2025-12-23 04:45:00,,207927.5,,,
2025-12-23 10:30:00,,1338861.0,,,
2025-12-23 16:15:00,,707776.0,,,
2025-12-23 22:00:00,,233473.5,,,
2025-12-24 00:00:00,501061.0,,1.588491088050315,43.4,42.81
2025-12-24 03:45:00,,224789.0,,,
2025-12-24 09:30:00,,1624475.0,,,
2025-12-24 15:15:00,,381324.5,,,
2025-12-24 21:00:00,,252329.0,,,
2025-12-25 00:00:00,463893.0,,1.5509371304347832,42.81,42.55
2025-12-25 02:45:00,,710426.0,,,
2025-12-25 08:30:00,,1264254.5,,,
2025-12-25 14:15:00,,389204.5,,,
2025-12-25 20:00:00,,236210.5,,,
2025-12-26 00:00:00,516912.0,,1.472723487179487,42.55,41.04
2025-12-26 01:45:00,,458501.0,,,
2025-12-26 07:30:00,,2270375.0,,,
2025-12-26 13:15:00,,429799.0,,,
2025-12-26 19:00:00,,909877.0,,,
2025-12-27 00:00:00,470755.0,,1.5765772720588236,41.04,41.83
2025-12-27 00:45:00,,597457.5,,,
2025-12-27 06:30:00,,717923.0,,,
2025-12-27 12:15:00,,208571.0,,,
2025-12-27 18:00:00,,686036.5,,,
2025-12-27 23:45:00,,907575.5,,,
2025-12-28 00:00:00,543818.0,,1.489781883870967,41.83,42.11
2025-12-28 05:30:00,,104615.5,,,
2025-12-28 11:15:00,,1198432.5,,,
2025-12-28 17:00:00,,313036.0,,,
2025-12-28 22:45:00,,1766114.5,,,
2025-12-29 00:00:00,547046.0,,1.564140298701299,42.11,42.25
2025-12-29 04:30:00,,606176.5,,,
2025-12-29 10:15:00,,362253.5,,,
2025-12-29 16:00:00,,886019.0,,,
2025-12-29 21:45:00,,192865.0,,,
2025-12-30 00:00:00,369287.0,,1.5496367563025217,42.25,42.79
2025-12-30 03:30:00,,491574.5,,,
2025-12-30 09:15:00,,588040.5,,,
2025-12-30 15:00:00,,409124.0,,,
2025-12-30 20:45:00,,1843859.5,,,
2025-12-31 00:00:00,407925.0,,1.5246401353383454,42.79,43.01
2025-12-31 02:30:00,,255743.5,,,
2025-12-31 08:15:00,,1040186.0,,,
2025-12-31 14:00:00,,1691952.0,,,
2025-12-31 19:45:00,,441889.0,,,
2026-01-01 00:00:00,468950.0,,1.4417101920529802,43.01,42.22
2026-01-01 01:30:00,,255697.5,,,
2026-01-01 07:15:00,,854069.0,,,
2026-01-01 13:00:00,,650265.0,,,
2026-01-01 18:45:00,,511947.5,,,
2026-01-02 00:00:00,458812.0,,1.4830104027777784,42.22,43.43
2026-01-02 00:30:00,,205297.0,,,
2026-01-02 06:15:00,,128480.0,,,
2026-01-02 12:00:00,,1804291.0,,,
2026-01-02 17:45:00,,1086308.0,,,
2026-01-02 23:30:00,,442071.0,,,
2026-01-03 00:00:00,501135.0,,1.4732106709677417,43.43,44.4
2026-01-03 05:15:00,,385111.0,,,
2026-01-03 11:00:00,,205299.0,,,
2026-01-03 16:45:00,,919799.5,,,
2026-01-03 22:30:00,,165965.0,,,
2026-01-04 00:00:00,474373.0,,1.498825937931034,44.4,44.39
2026-01-04 04:15:00,,2599127.0,,,
2026-01-04 10:00:00,,878529.5,,,
2026-01-04 15:45:00,,186088.5,,,
2026-01-04 21:30:00,,137777.0,,,
2026-01-05 00:00:00,409439.0,,1.5822985378787884,44.39,43.94
2026-01-05 03:15:00,,263093.5,,,
2026-01-05 09:00:00,,380279.0,,,
2026-01-05 14:45:00,,606742.5,,,
2026-01-05 20:30:00,,3368741.0,,,
2026-01-06 00:00:00,424717.0,,1.6353218923076929,43.94,44.09
2026-01-06 02:15:00,,1395678.0,,,
2026-01-06 08:00:00,,239142.0,,,
2026-01-06 13:45:00,,2363761.5,,,
2026-01-06 19:30:00,,1685643.5,,,
2026-01-07 00:00:00,425015.0,,1.6063948979591844,44.09,44.64
2026-01-07 01:15:00,,292074.0,,,
2026-01-07 07:00:00,,321293.5,,,
2026-01-07 12:45:00,,221494.0,,,
2026-01-07 18:30:00,,552662.5,,,
2026-01-08 00:00:00,334275.0,,1.6113041893939395,44.64,43.24
2026-01-08 00:15:00,,362002.0,,,
2026-01-08 06:00:00,,373017.5,,,
2026-01-08 11:45:00,,255288.0,,,
2026-01-08 17:30:00,,540729.0,,,
2026-01-08 23:15:00,,2451944.5,,,
2026-01-09 00:00:00,355503.0,,1.623150232394367,43.24,40.52
2026-01-09 05:00:00,,621614.0,,,
2026-01-09 10:45:00,,333097.5,,,
2026-01-09 16:30:00,,256095.5,,,
2026-01-09 22:15:00,,644079.5,,,
2026-01-10 00:00:00,488659.0,,1.4948080987654335,40.52,41.03
2026-01-10 04:00:00,,277514.0,,,
2026-01-10 09:45:00,,200677.0,,,
2026-01-10 15:30:00,,1137228.0,,,
2026-01-10 21:15:00,,315304.5,,,
2026-01-11 00:00:00,290170.0,,1.7343026721311483,41.03,41.68
2026-01-11 03:00:00,,392354.5,,,
2026-01-11 08:45:00,,369607.0,,,
2026-01-11 14:30:00,,851330.5,,,
2026-01-11 20:15:00,,742757.5,,,
2026-01-12 00:00:00,411078.0,,1.5561016971830988,41.68,41.27
2026-01-12 02:00:00,,207370.0,,,
2026-01-12 07:45:00,,550514.5,,,
2026-01-12 13:30:00,,753755.0,,,
2026-01-12 19:15:00,,198718.5,,,
2026-01-13 00:00:00,336146.0,,1.4818057111111114,40.13,41.69
2026-01-13 01:00:00,,994151.5,,,
2026-01-13 06:45:00,,396563.5,,,
2026-01-13 12:30:00,,691103.0,,,
2026-01-13 18:15:00,,581969.5,,,
2026-01-14 00:00:00,324133.0,535676.0,1.7229626693548394,41.69,40.81
2026-01-14 05:45:00,,1919502.5,,,
2026-01-14 11:30:00,,452058.5,,,
2026-01-14 17:15:00,,1022637.5,,,
2026-01-14 23:00:00,,2646447.0,,,
2026-01-15 00:00:00,374057.0,,1.538970330935252,40.81,40.61
2026-01-15 04:45:00,,152616.5,,,
2026-01-15 10:30:00,,3023503.5,,,
2026-01-15 16:15:00,,986207.5,,,
2026-01-15 22:00:00,,248158.5,,,
2026-01-16 00:00:00,361212.0,,1.5353596384615382,40.61,38.27
2026-01-16 03:45:00,,828615.0,,,
2026-01-16 09:30:00,,720668.5,,,
2026-01-16 15:15:00,,1564174.0,,,
2026-01-16 21:00:00,,4689794.5,,,
2026-01-17 00:00:00,356770.0,,1.471329959731544,38.27,39.08
2026-01-17 02:45:00,,839365.5,,,
2026-01-17 08:30:00,,715882.0,,,
2026-01-17 14:15:00,,265217.0,,,
2026-01-17 20:00:00,,1102652.0,,,
2026-01-18 00:00:00,332360.0,,1.4977083857142865,39.08,40.23
2026-01-18 01:45:00,,732546.0,,,
2026-01-18 07:30:00,,797247.5,,,
2026-01-18 13:15:00,,1003610.5,,,
2026-01-18 19:00:00,,159684.5,,,
2026-01-19 00:00:00,354419.0,,1.8252042400000001,40.23,39.7
2026-01-19 00:45:00,,489717.5,,,
2026-01-19 06:30:00,,453601.5,,,
2026-01-19 12:15:00,,274404.0,,,
2026-01-19 18:00:00,,488136.0,,,
2026-01-19 23:45:00,,176073.0,,,
2026-01-20 00:00:00,382991.0,,1.6571958872180452,39.7,42.23
2026-01-20 05:30:00,,969627.0,,,
2026-01-20 11:15:00,,1546133.5,,,
2026-01-20 17:00:00,,2115585.5,,,
2026-01-20 22:45:00,,2705253.0,,,
2026-01-21 00:00:00,428014.0,,1.6046807080291965,42.23,40.14
2026-01-21 04:30:00,,991159.5,,,
2026-01-21 10:15:00,,1237759.0,,,
2026-01-21 16:00:00,,1487605.0,,,
2026-01-21 21:45:00,,1627793.0,,,
2026-01-22 00:00:00,463883.0,,1.642816602484472,40.14,38.88
2026-01-22 03:30:00,,390449.5,,,
2026-01-22 09:15:00,,277024.5,,,
2026-01-22 15:00:00,,756189.0,,,
2026-01-22 20:45:00,,278165.5,,,
2026-01-23 00:00:00,436396.0,,1.581108514285714,38.88,38.06
2026-01-23 02:30:00,,1289865.0,,,
2026-01-23 08:15:00,,428728.5,,,
2026-01-23 14:00:00,,638384.5,,,
2026-01-23 19:45:00,,584798.5,,,
2026-01-24 00:00:00,289027.0,,1.5035057244897958,38.06,38.27
2026-01-24 01:30:00,,156377.0,,,
2026-01-24 07:15:00,,190018.5,,,
2026-01-24 13:00:00,,357792.0,,,
2026-01-24 18:45:00,,409944.5,,,
2026-01-25 00:00:00,314758.0,,1.6344209537037035,38.27,41.16
2026-01-25 00:30:00,,948562.5,,,
2026-01-25 06:15:00,,1611120.5,,,
2026-01-25 12:00:00,,1868678.0,,,
2026-01-25 17:45:00,,1336494.5,,,
2026-01-25 23:30:00,,770007.0,,,
2026-01-26 00:00:00,402258.0,,1.6762213467741938,41.16,38.75
2026-01-26 05:15:00,,1883644.5,,,
2026-01-26 11:00:00,,1496836.0,,,
2026-01-26 16:45:00,,298517.0,,,
2026-01-26 22:30:00,,236778.0,,,
2026-01-27 00:00:00,,,,38.75,38.48
2026-01-27 04:15:00,,224621.5,,,
2026-01-27 10:00:00,,623999.0,,,
